Roll Number,Semester,Date of Payment
St-1-23F,1,2023-09-30
St-1-23F,2,2024-02-27
St-1-23F,3,2024-07-11
St-2-22S,1,2022-02-01
St-2-22S,2,2022-07-01
St-2-22S,3,2022-12-01
St-2-22S,4,2023-05-01
St-3-23S,1,2023-03-02
St-3-23S,2,2023-07-22
St-4-22S,1,2022-03-03
St-4-22S,2,2022-07-21
St-4-22S,3,2022-12-15
St-4-22S,4,2023-05-27
St-5-22S,1,2022-02-01
St-5-22S,2,2022-07-01
St-5-22S,3,2022-12-01
St-5-22S,4,2023-05-01
St-6-22F,1,2022-09-20
St-6-22F,2,2023-02-21
St-6-22F,3,2023-07-31
St-6-22F,4,2023-12-12
St-6-22F,5,2024-05-21
St-8-23S,1,2023-02-16
St-8-23S,2,2023-07-22
St-9-22S,1,2022-02-01
St-9-22S,2,2022-07-01
St-9-22S,3,2022-12-01
St-9-22S,4,2023-05-01
St-11-21F,1,2021-09-09
St-11-21F,2,2022-02-08
St-11-21F,3,2022-07-30
St-11-21F,4,2022-12-21
St-11-21F,5,2023-05-10
St-11-21F,6,2023-10-26
St-11-21F,7,2024-03-09
St-12-23S,1,2023-02-01
St-12-23S,2,2023-07-01
St-14-23S,1,2023-02-01
St-14-23S,2,2023-07-01
St-15-21F,1,2021-09-01
St-15-21F,2,2022-02-01
St-15-21F,3,2022-07-01
St-15-21F,4,2022-12-01
St-15-21F,5,2023-05-01
St-15-21F,6,2023-10-01
St-15-21F,7,2024-03-01
St-16-22F,1,2022-09-01
St-16-22F,2,2023-02-01
St-16-22F,3,2023-07-01
St-16-22F,4,2023-12-01
St-16-22F,5,2024-05-01
St-18-22F,1,2022-09-01
St-18-22F,2,2023-02-01
St-18-22F,3,2023-07-01
St-18-22F,4,2023-12-01
St-18-22F,5,2024-05-01
St-20-22S,1,2022-02-01
St-20-22S,2,2022-07-01
St-20-22S,3,2022-12-01
St-20-22S,4,2023-05-01
St-21-23F,1,2023-09-01
St-21-23F,2,2024-02-01
St-21-23F,3,2024-07-01
St-23-22F,1,2022-09-01
St-23-22F,2,2023-02-01
St-23-22F,3,2023-07-01
St-23-22F,4,2023-12-01
St-23-22F,5,2024-05-01
St-24-22F,1,2022-09-09
St-24-22F,2,2023-02-16
St-24-22F,3,2023-07-22
St-24-22F,4,2023-12-25
St-24-22F,5,2024-05-15
St-25-22S,1,2022-02-01
St-25-22S,2,2022-07-01
St-25-22S,3,2022-12-01
St-25-22S,4,2023-05-01
St-26-23S,1,2023-02-22
St-26-23S,2,2023-07-27
St-27-23S,1,2023-02-01
St-27-23S,2,2023-07-01
St-28-22F,1,2022-09-01
St-28-22F,2,2023-02-01
St-28-22F,3,2023-07-01
St-28-22F,4,2023-12-01
St-28-22F,5,2024-05-01
St-29-22S,1,2022-02-03
St-29-22S,2,2022-07-31
St-29-22S,3,2022-12-24
St-29-22S,4,2023-05-14
St-30-23S,1,2023-02-19
St-30-23S,2,2023-07-27
St-31-22S,1,2022-02-20
St-31-22S,2,2022-07-17
St-31-22S,3,2022-12-15
St-31-22S,4,2023-05-05
St-32-23F,1,2023-09-30
St-32-23F,2,2024-02-22
St-32-23F,3,2024-07-20
St-33-22F,1,2022-09-01
St-33-22F,2,2023-02-01
St-33-22F,3,2023-07-01
St-33-22F,4,2023-12-01
St-33-22F,5,2024-05-01
St-36-23S,1,2023-02-01
St-36-23S,2,2023-07-01
St-37-23F,1,2023-09-01
St-37-23F,2,2024-02-01
St-37-23F,3,2024-07-01
St-38-23S,1,2023-02-01
St-38-23S,2,2023-07-01
St-39-21F,1,2021-09-01
St-39-21F,2,2022-02-01
St-39-21F,3,2022-07-01
St-39-21F,4,2022-12-01
St-39-21F,5,2023-05-01
St-39-21F,6,2023-10-01
St-39-21F,7,2024-03-01
St-40-22F,1,2022-09-19
St-40-22F,2,2023-02-17
St-40-22F,3,2023-07-16
St-40-22F,4,2023-12-25
St-40-22F,5,2024-05-05
St-41-23S,1,2023-02-01
St-41-23S,2,2023-07-01
St-43-23F,1,2023-09-01
St-43-23F,2,2024-02-01
St-43-23F,3,2024-07-01
St-44-23F,1,2023-09-01
St-44-23F,2,2024-02-01
St-44-23F,3,2024-07-01
St-46-21F,1,2021-09-01
St-46-21F,2,2022-02-01
St-46-21F,3,2022-07-01
St-46-21F,4,2022-12-01
St-46-21F,5,2023-05-01
St-46-21F,6,2023-10-01
St-46-21F,7,2024-03-01
St-48-22F,1,2022-09-01
St-48-22F,2,2023-02-01
St-48-22F,3,2023-07-01
St-48-22F,4,2023-12-01
St-48-22F,5,2024-05-01
St-50-21F,1,2021-09-09
St-50-21F,2,2022-02-15
St-50-21F,3,2022-07-08
St-50-21F,4,2022-12-24
St-50-21F,5,2023-05-28
St-50-21F,6,2023-10-03
St-50-21F,7,2024-03-13
St-51-22S,1,2022-02-01
St-51-22S,2,2022-07-01
St-51-22S,3,2022-12-01
St-51-22S,4,2023-05-01
St-52-23F,1,2023-09-01
St-52-23F,2,2024-02-01
St-52-23F,3,2024-07-01
St-53-23S,1,2023-02-01
St-53-23S,2,2023-07-01
St-55-21F,1,2021-09-04
St-55-21F,2,2022-02-06
St-55-21F,3,2022-07-13
St-55-21F,4,2022-12-12
St-55-21F,5,2023-05-22
St-55-21F,6,2023-10-29
St-55-21F,7,2024-03-31
St-56-21F,1,2021-09-21
St-56-21F,2,2022-02-20
St-56-21F,3,2022-07-15
St-56-21F,4,2022-12-30
St-56-21F,5,2023-05-28
St-56-21F,6,2023-10-08
St-56-21F,7,2024-03-28
St-57-22F,1,2022-09-26
St-57-22F,2,2023-03-01
St-57-22F,3,2023-07-29
St-57-22F,4,2023-12-20
St-57-22F,5,2024-05-24
St-58-22F,1,2022-09-01
St-58-22F,2,2023-02-01
St-58-22F,3,2023-07-01
St-58-22F,4,2023-12-01
St-58-22F,5,2024-05-01
St-59-23S,1,2023-02-01
St-59-23S,2,2023-07-01
St-61-21F,1,2021-09-21
St-61-21F,2,2022-02-13
St-61-21F,3,2022-07-10
St-61-21F,4,2022-12-09
St-61-21F,5,2023-05-05
St-61-21F,6,2023-10-28
St-61-21F,7,2024-03-13
St-62-23F,1,2023-09-01
St-62-23F,2,2024-02-01
St-62-23F,3,2024-07-01
St-63-21F,1,2021-09-01
St-63-21F,2,2022-02-01
St-63-21F,3,2022-07-01
St-63-21F,4,2022-12-01
St-63-21F,5,2023-05-01
St-63-21F,6,2023-10-01
St-63-21F,7,2024-03-01
St-64-21F,1,2021-09-05
St-64-21F,2,2022-02-17
St-64-21F,3,2022-07-10
St-64-21F,4,2022-12-15
St-64-21F,5,2023-05-10
St-64-21F,6,2023-10-24
St-64-21F,7,2024-03-02
St-65-22F,1,2022-09-01
St-65-22F,2,2023-02-01
St-65-22F,3,2023-07-01
St-65-22F,4,2023-12-01
St-65-22F,5,2024-05-01
St-67-21F,1,2021-09-22
St-67-21F,2,2022-03-03
St-67-21F,3,2022-07-31
St-67-21F,4,2022-12-25
St-67-21F,5,2023-05-25
St-67-21F,6,2023-10-22
St-67-21F,7,2024-03-22
St-68-22F,1,2022-09-07
St-68-22F,2,2023-03-03
St-68-22F,3,2023-07-16
St-68-22F,4,2023-12-21
St-68-22F,5,2024-05-05
St-69-22F,1,2022-09-01
St-69-22F,2,2023-02-01
St-69-22F,3,2023-07-01
St-69-22F,4,2023-12-01
St-69-22F,5,2024-05-01
St-70-21F,1,2021-09-26
St-70-21F,2,2022-02-06
St-70-21F,3,2022-07-12
St-70-21F,4,2022-12-05
St-70-21F,5,2023-05-15
St-70-21F,6,2023-10-28
St-70-21F,7,2024-03-17
St-71-23S,1,2023-02-27
St-71-23S,2,2023-07-15
St-72-21F,1,2021-09-01
St-72-21F,2,2022-02-01
St-72-21F,3,2022-07-01
St-72-21F,4,2022-12-01
St-72-21F,5,2023-05-01
St-72-21F,6,2023-10-01
St-72-21F,7,2024-03-01
St-73-22S,1,2022-02-20
St-73-22S,2,2022-07-06
St-73-22S,3,2022-12-27
St-73-22S,4,2023-05-14
St-74-23F,1,2023-09-19
St-74-23F,2,2024-02-04
St-74-23F,3,2024-07-13
St-75-21F,1,2021-09-01
St-75-21F,2,2022-02-01
St-75-21F,3,2022-07-01
St-75-21F,4,2022-12-01
St-75-21F,5,2023-05-01
St-75-21F,6,2023-10-01
St-75-21F,7,2024-03-01
St-76-22S,1,2022-02-01
St-76-22S,2,2022-07-01
St-76-22S,3,2022-12-01
St-76-22S,4,2023-05-01
St-77-23S,1,2023-02-16
St-77-23S,2,2023-07-24
St-78-22F,1,2022-09-26
St-78-22F,2,2023-02-16
St-78-22F,3,2023-07-09
St-78-22F,4,2023-12-31
St-78-22F,5,2024-05-05
St-79-22S,1,2022-02-04
St-79-22S,2,2022-07-06
St-79-22S,3,2022-12-27
St-79-22S,4,2023-05-02
St-80-22S,1,2022-02-10
St-80-22S,2,2022-07-24
St-80-22S,3,2022-12-16
St-80-22S,4,2023-05-20
St-82-22S,1,2022-02-27
St-82-22S,2,2022-07-19
St-82-22S,3,2022-12-06
St-82-22S,4,2023-05-31
St-83-23S,1,2023-02-17
St-83-23S,2,2023-07-14
St-84-23S,1,2023-02-01
St-84-23S,2,2023-07-01
St-85-21F,1,2021-09-17
St-85-21F,2,2022-02-02
St-85-21F,3,2022-07-02
St-85-21F,4,2022-12-08
St-85-21F,5,2023-05-30
St-85-21F,6,2023-10-14
St-85-21F,7,2024-03-13
St-86-22S,1,2022-02-01
St-86-22S,2,2022-07-01
St-86-22S,3,2022-12-01
St-86-22S,4,2023-05-01
St-87-23S,1,2023-02-09
St-87-23S,2,2023-07-03
St-88-21F,1,2021-09-01
St-88-21F,2,2022-02-01
St-88-21F,3,2022-07-01
St-88-21F,4,2022-12-01
St-88-21F,5,2023-05-01
St-88-21F,6,2023-10-01
St-88-21F,7,2024-03-01
St-90-23S,1,2023-02-01
St-90-23S,2,2023-07-01
St-91-21F,1,2021-09-04
St-91-21F,2,2022-02-16
St-91-21F,3,2022-07-10
St-91-21F,4,2022-12-27
St-91-21F,5,2023-05-25
St-91-21F,6,2023-10-03
St-91-21F,7,2024-03-13
St-92-21F,1,2021-09-01
St-92-21F,2,2022-02-01
St-92-21F,3,2022-07-01
St-92-21F,4,2022-12-01
St-92-21F,5,2023-05-01
St-92-21F,6,2023-10-01
St-92-21F,7,2024-03-01
St-93-22F,1,2022-09-01
St-93-22F,2,2023-02-01
St-93-22F,3,2023-07-01
St-93-22F,4,2023-12-01
St-93-22F,5,2024-05-01
St-94-23S,1,2023-02-01
St-94-23S,2,2023-07-01
St-95-23S,1,2023-02-01
St-95-23S,2,2023-07-01
St-96-23F,1,2023-09-01
St-96-23F,2,2024-02-01
St-96-23F,3,2024-07-01
St-98-23F,1,2023-09-06
St-98-23F,2,2024-02-20
St-98-23F,3,2024-07-18
St-99-22F,1,2022-09-01
St-99-22F,2,2023-02-01
St-99-22F,3,2023-07-01
St-99-22F,4,2023-12-01
St-99-22F,5,2024-05-01
St-100-22S,1,2022-02-01
St-100-22S,2,2022-07-01
St-100-22S,3,2022-12-01
St-100-22S,4,2023-05-01
St-101-22F,1,2022-09-01
St-101-22F,2,2023-02-01
St-101-22F,3,2023-07-01
St-101-22F,4,2023-12-01
St-101-22F,5,2024-05-01
St-102-22F,1,2022-09-28
St-102-22F,2,2023-02-26
St-102-22F,3,2023-07-11
St-102-22F,4,2023-12-04
St-102-22F,5,2024-05-02
St-103-23F,1,2023-09-01
St-103-23F,2,2024-02-01
St-103-23F,3,2024-07-01
St-104-23F,1,2023-09-01
St-104-23F,2,2024-02-01
St-104-23F,3,2024-07-01
St-105-23S,1,2023-02-01
St-105-23S,2,2023-07-01
St-106-23F,1,2023-09-01
St-106-23F,2,2024-02-01
St-106-23F,3,2024-07-01
St-107-23F,1,2023-09-01
St-107-23F,2,2024-02-01
St-107-23F,3,2024-07-01
St-108-23F,1,2023-09-19
St-108-23F,2,2024-02-29
St-108-23F,3,2024-07-05
St-109-23S,1,2023-02-03
St-109-23S,2,2023-07-16
St-110-23S,1,2023-02-06
St-110-23S,2,2023-07-23
St-112-23F,1,2023-09-01
St-112-23F,2,2024-02-01
St-112-23F,3,2024-07-01
St-113-22S,1,2022-02-01
St-113-22S,2,2022-07-01
St-113-22S,3,2022-12-01
St-113-22S,4,2023-05-01
St-114-22S,1,2022-02-01
St-114-22S,2,2022-07-01
St-114-22S,3,2022-12-01
St-114-22S,4,2023-05-01
St-115-22F,1,2022-09-01
St-115-22F,2,2023-02-01
St-115-22F,3,2023-07-01
St-115-22F,4,2023-12-01
St-115-22F,5,2024-05-01
St-116-22S,1,2022-02-01
St-116-22S,2,2022-07-01
St-116-22S,3,2022-12-01
St-116-22S,4,2023-05-01
St-118-23S,1,2023-02-01
St-118-23S,2,2023-07-01
St-119-22S,1,2022-02-15
St-119-22S,2,2022-07-11
St-119-22S,3,2022-12-10
St-119-22S,4,2023-05-05
St-120-23F,1,2023-09-01
St-120-23F,2,2024-02-01
St-120-23F,3,2024-07-01
St-121-22S,1,2022-02-06
St-121-22S,2,2022-07-12
St-121-22S,3,2022-12-27
St-121-22S,4,2023-05-25
St-122-22F,1,2022-09-01
St-122-22F,2,2023-02-01
St-122-22F,3,2023-07-01
St-122-22F,4,2023-12-01
St-122-22F,5,2024-05-01
St-124-22S,1,2022-02-01
St-124-22S,2,2022-07-01
St-124-22S,3,2022-12-01
St-124-22S,4,2023-05-01
St-125-23F,1,2023-09-01
St-125-23F,2,2024-02-01
St-125-23F,3,2024-07-01
St-126-22S,1,2022-02-10
St-126-22S,2,2022-07-07
St-126-22S,3,2022-12-30
St-126-22S,4,2023-05-25
St-127-22F,1,2022-09-01
St-127-22F,2,2023-02-01
St-127-22F,3,2023-07-01
St-127-22F,4,2023-12-01
St-127-22F,5,2024-05-01
St-128-22S,1,2022-02-01
St-128-22S,2,2022-07-01
St-128-22S,3,2022-12-01
St-128-22S,4,2023-05-01
St-130-23S,1,2023-02-01
St-130-23S,2,2023-07-01
St-131-22S,1,2022-02-01
St-131-22S,2,2022-07-01
St-131-22S,3,2022-12-01
St-131-22S,4,2023-05-01
St-132-21F,1,2021-10-01
St-132-21F,2,2022-02-11
St-132-21F,3,2022-07-25
St-132-21F,4,2022-12-02
St-132-21F,5,2023-05-19
St-132-21F,6,2023-10-27
St-132-21F,7,2024-03-27
St-133-23F,1,2023-09-17
St-133-23F,2,2024-02-17
St-133-23F,3,2024-07-14
St-135-23S,1,2023-02-01
St-135-23S,2,2023-07-01
St-136-23F,1,2023-09-14
St-136-23F,2,2024-02-29
St-136-23F,3,2024-07-28
St-137-23S,1,2023-03-01
St-137-23S,2,2023-07-31
St-138-23S,1,2023-02-06
St-138-23S,2,2023-07-09
St-139-22F,1,2022-09-01
St-139-22F,2,2023-02-01
St-139-22F,3,2023-07-01
St-139-22F,4,2023-12-01
St-139-22F,5,2024-05-01
St-141-23S,1,2023-02-26
St-141-23S,2,2023-07-20
St-142-23F,1,2023-09-27
St-142-23F,2,2024-02-07
St-142-23F,3,2024-07-09
St-143-21F,1,2021-09-01
St-143-21F,2,2022-02-01
St-143-21F,3,2022-07-01
St-143-21F,4,2022-12-01
St-143-21F,5,2023-05-01
St-143-21F,6,2023-10-01
St-143-21F,7,2024-03-01
St-144-23F,1,2023-09-01
St-144-23F,2,2024-02-01
St-144-23F,3,2024-07-01
St-145-23S,1,2023-02-10
St-145-23S,2,2023-07-09
St-146-22S,1,2022-02-21
St-146-22S,2,2022-07-28
St-146-22S,3,2022-12-24
St-146-22S,4,2023-05-03
St-147-21F,1,2021-09-01
St-147-21F,2,2022-02-01
St-147-21F,3,2022-07-01
St-147-21F,4,2022-12-01
St-147-21F,5,2023-05-01
St-147-21F,6,2023-10-01
St-147-21F,7,2024-03-01
St-148-23S,1,2023-02-01
St-148-23S,2,2023-07-01
St-149-23S,1,2023-02-26
St-149-23S,2,2023-07-26
St-150-22S,1,2022-02-01
St-150-22S,2,2022-07-01
St-150-22S,3,2022-12-01
St-150-22S,4,2023-05-01
St-151-23S,1,2023-02-01
St-151-23S,2,2023-07-01
St-152-23F,1,2023-09-01
St-152-23F,2,2024-02-01
St-152-23F,3,2024-07-01
St-153-23F,1,2023-09-01
St-153-23F,2,2024-02-01
St-153-23F,3,2024-07-01
St-154-22S,1,2022-02-01
St-154-22S,2,2022-07-01
St-154-22S,3,2022-12-01
St-154-22S,4,2023-05-01
St-155-23S,1,2023-02-01
St-155-23S,2,2023-07-01
St-156-22S,1,2022-02-09
St-156-22S,2,2022-07-11
St-156-22S,3,2022-12-30
St-156-22S,4,2023-05-25
St-157-23F,1,2023-09-01
St-157-23F,2,2024-02-01
St-157-23F,3,2024-07-01
St-158-23F,1,2023-09-01
St-158-23F,2,2024-02-01
St-158-23F,3,2024-07-01
St-159-23F,1,2023-09-09
St-159-23F,2,2024-02-14
St-159-23F,3,2024-07-23
St-160-23F,1,2023-09-01
St-160-23F,2,2024-02-01
St-160-23F,3,2024-07-01
St-161-22F,1,2022-09-01
St-161-22F,2,2023-02-01
St-161-22F,3,2023-07-01
St-161-22F,4,2023-12-01
St-161-22F,5,2024-05-01
St-162-21F,1,2021-09-01
St-162-21F,2,2022-02-01
St-162-21F,3,2022-07-01
St-162-21F,4,2022-12-01
St-162-21F,5,2023-05-01
St-162-21F,6,2023-10-01
St-162-21F,7,2024-03-01
St-163-21F,1,2021-09-01
St-163-21F,2,2022-02-01
St-163-21F,3,2022-07-01
St-163-21F,4,2022-12-01
St-163-21F,5,2023-05-01
St-163-21F,6,2023-10-01
St-163-21F,7,2024-03-01
St-164-23S,1,2023-02-01
St-164-23S,2,2023-07-01
St-166-22S,1,2022-03-02
St-166-22S,2,2022-07-14
St-166-22S,3,2022-12-27
St-166-22S,4,2023-05-28
St-167-21F,1,2021-09-01
St-167-21F,2,2022-02-01
St-167-21F,3,2022-07-01
St-167-21F,4,2022-12-01
St-167-21F,5,2023-05-01
St-167-21F,6,2023-10-01
St-167-21F,7,2024-03-01
St-168-23F,1,2023-09-01
St-168-23F,2,2024-02-01
St-168-23F,3,2024-07-01
St-169-22S,1,2022-03-01
St-169-22S,2,2022-07-18
St-169-22S,3,2022-12-14
St-169-22S,4,2023-05-23
St-170-22F,1,2022-09-22
St-170-22F,2,2023-02-08
St-170-22F,3,2023-07-20
St-170-22F,4,2023-12-09
St-170-22F,5,2024-05-12
St-171-22S,1,2022-02-01
St-171-22S,2,2022-07-01
St-171-22S,3,2022-12-01
St-171-22S,4,2023-05-01
St-172-21F,1,2021-09-01
St-172-21F,2,2022-02-01
St-172-21F,3,2022-07-01
St-172-21F,4,2022-12-01
St-172-21F,5,2023-05-01
St-172-21F,6,2023-10-01
St-172-21F,7,2024-03-01
St-173-21F,1,2021-09-02
St-173-21F,2,2022-02-10
St-173-21F,3,2022-07-21
St-173-21F,4,2022-12-28
St-173-21F,5,2023-05-12
St-173-21F,6,2023-10-05
St-173-21F,7,2024-03-12
St-176-21F,1,2021-09-01
St-176-21F,2,2022-02-01
St-176-21F,3,2022-07-01
St-176-21F,4,2022-12-01
St-176-21F,5,2023-05-01
St-176-21F,6,2023-10-01
St-176-21F,7,2024-03-01
St-177-22S,1,2022-02-01
St-177-22S,2,2022-07-01
St-177-22S,3,2022-12-01
St-177-22S,4,2023-05-01
St-179-23F,1,2023-09-01
St-179-23F,2,2024-02-01
St-179-23F,3,2024-07-01
St-180-22S,1,2022-02-01
St-180-22S,2,2022-07-01
St-180-22S,3,2022-12-01
St-180-22S,4,2023-05-01
St-181-21F,1,2021-09-01
St-181-21F,2,2022-02-01
St-181-21F,3,2022-07-01
St-181-21F,4,2022-12-01
St-181-21F,5,2023-05-01
St-181-21F,6,2023-10-01
St-181-21F,7,2024-03-01
St-182-23F,1,2023-09-21
St-182-23F,2,2024-02-26
St-182-23F,3,2024-07-16
St-183-22F,1,2022-09-01
St-183-22F,2,2023-02-01
St-183-22F,3,2023-07-01
St-183-22F,4,2023-12-01
St-183-22F,5,2024-05-01
St-184-23S,1,2023-02-01
St-184-23S,2,2023-07-01
St-185-23S,1,2023-02-22
St-185-23S,2,2023-07-02
St-186-23F,1,2023-09-17
St-186-23F,2,2024-02-13
St-186-23F,3,2024-07-06
St-188-22S,1,2022-02-01
St-188-22S,2,2022-07-01
St-188-22S,3,2022-12-01
St-188-22S,4,2023-05-01
St-189-22F,1,2022-09-01
St-189-22F,2,2023-02-01
St-189-22F,3,2023-07-01
St-189-22F,4,2023-12-01
St-189-22F,5,2024-05-01
St-191-23F,1,2023-09-01
St-191-23F,2,2024-02-01
St-191-23F,3,2024-07-01
St-192-22F,1,2022-09-01
St-192-22F,2,2023-02-01
St-192-22F,3,2023-07-01
St-192-22F,4,2023-12-01
St-192-22F,5,2024-05-01
St-195-23S,1,2023-02-01
St-195-23S,2,2023-07-01
St-196-23S,1,2023-02-01
St-196-23S,2,2023-07-01
St-197-21F,1,2021-09-05
St-197-21F,2,2022-03-03
St-197-21F,3,2022-07-31
St-197-21F,4,2022-12-02
St-197-21F,5,2023-05-24
St-197-21F,6,2023-10-19
St-197-21F,7,2024-03-06
St-198-23S,1,2023-02-01
St-198-23S,2,2023-07-01
St-199-23F,1,2023-09-16
St-199-23F,2,2024-02-27
St-199-23F,3,2024-07-15
St-200-21F,1,2021-09-19
St-200-21F,2,2022-02-03
St-200-21F,3,2022-07-02
St-200-21F,4,2022-12-25
St-200-21F,5,2023-05-14
St-200-21F,6,2023-10-31
St-200-21F,7,2024-03-06
St-201-23F,1,2023-09-01
St-201-23F,2,2024-02-01
St-201-23F,3,2024-07-01
St-202-22F,1,2022-09-01
St-202-22F,2,2023-02-01
St-202-22F,3,2023-07-01
St-202-22F,4,2023-12-01
St-202-22F,5,2024-05-01
St-203-21F,1,2021-09-01
St-203-21F,2,2022-02-01
St-203-21F,3,2022-07-01
St-203-21F,4,2022-12-01
St-203-21F,5,2023-05-01
St-203-21F,6,2023-10-01
St-203-21F,7,2024-03-01
St-204-21F,1,2021-09-01
St-204-21F,2,2022-02-01
St-204-21F,3,2022-07-01
St-204-21F,4,2022-12-01
St-204-21F,5,2023-05-01
St-204-21F,6,2023-10-01
St-204-21F,7,2024-03-01
St-205-21F,1,2021-09-18
St-205-21F,2,2022-02-18
St-205-21F,3,2022-07-29
St-205-21F,4,2022-12-05
St-205-21F,5,2023-05-24
St-205-21F,6,2023-10-03
St-205-21F,7,2024-03-31
St-206-23S,1,2023-02-01
St-206-23S,2,2023-07-01
St-207-23F,1,2023-09-01
St-207-23F,2,2024-02-01
St-207-23F,3,2024-07-01
St-209-21F,1,2021-09-21
St-209-21F,2,2022-02-06
St-209-21F,3,2022-07-25
St-209-21F,4,2022-12-10
St-209-21F,5,2023-05-16
St-209-21F,6,2023-10-03
St-209-21F,7,2024-03-19
St-211-23F,1,2023-09-04
St-211-23F,2,2024-02-14
St-211-23F,3,2024-07-06
St-212-23F,1,2023-09-03
St-212-23F,2,2024-02-17
St-212-23F,3,2024-07-02
St-213-22F,1,2022-09-19
St-213-22F,2,2023-03-01
St-213-22F,3,2023-07-20
St-213-22F,4,2023-12-02
St-213-22F,5,2024-05-30
St-214-22S,1,2022-02-06
St-214-22S,2,2022-07-02
St-214-22S,3,2022-12-22
St-214-22S,4,2023-05-31
St-215-21F,1,2021-09-01
St-215-21F,2,2022-02-01
St-215-21F,3,2022-07-01
St-215-21F,4,2022-12-01
St-215-21F,5,2023-05-01
St-215-21F,6,2023-10-01
St-215-21F,7,2024-03-01
St-216-22F,1,2022-09-18
St-216-22F,2,2023-02-16
St-216-22F,3,2023-07-20
St-216-22F,4,2023-12-21
St-216-22F,5,2024-05-25
St-217-23F,1,2023-09-01
St-217-23F,2,2024-02-01
St-217-23F,3,2024-07-01
St-218-23F,1,2023-09-01
St-218-23F,2,2024-02-01
St-218-23F,3,2024-07-01
St-219-22F,1,2022-09-19
St-219-22F,2,2023-03-03
St-219-22F,3,2023-07-23
St-219-22F,4,2023-12-02
St-219-22F,5,2024-05-23
St-220-23F,1,2023-09-01
St-220-23F,2,2024-02-01
St-220-23F,3,2024-07-01
St-221-21F,1,2021-10-01
St-221-21F,2,2022-02-10
St-221-21F,3,2022-07-06
St-221-21F,4,2022-12-19
St-221-21F,5,2023-05-06
St-221-21F,6,2023-10-13
St-221-21F,7,2024-03-06
St-222-23F,1,2023-09-07
St-222-23F,2,2024-02-06
St-222-23F,3,2024-07-18
St-223-23F,1,2023-09-01
St-223-23F,2,2024-02-01
St-223-23F,3,2024-07-01
St-224-22F,1,2022-09-01
St-224-22F,2,2023-02-01
St-224-22F,3,2023-07-01
St-224-22F,4,2023-12-01
St-224-22F,5,2024-05-01
St-225-22F,1,2022-09-01
St-225-22F,2,2023-02-01
St-225-22F,3,2023-07-01
St-225-22F,4,2023-12-01
St-225-22F,5,2024-05-01
St-226-23F,1,2023-09-01
St-226-23F,2,2024-02-01
St-226-23F,3,2024-07-01
St-227-22F,1,2022-09-01
St-227-22F,2,2023-02-01
St-227-22F,3,2023-07-01
St-227-22F,4,2023-12-01
St-227-22F,5,2024-05-01
St-228-22F,1,2022-09-22
St-228-22F,2,2023-02-18
St-228-22F,3,2023-07-14
St-228-22F,4,2023-12-16
St-228-22F,5,2024-05-07
St-229-21F,1,2021-09-24
St-229-21F,2,2022-02-25
St-229-21F,3,2022-07-03
St-229-21F,4,2022-12-03
St-229-21F,5,2023-05-30
St-229-21F,6,2023-10-26
St-229-21F,7,2024-03-18
St-230-22S,1,2022-02-01
St-230-22S,2,2022-07-01
St-230-22S,3,2022-12-01
St-230-22S,4,2023-05-01
St-232-23S,1,2023-03-01
St-232-23S,2,2023-07-30
St-233-23F,1,2023-09-01
St-233-23F,2,2024-02-01
St-233-23F,3,2024-07-01
St-234-22F,1,2022-09-01
St-234-22F,2,2023-02-01
St-234-22F,3,2023-07-01
St-234-22F,4,2023-12-01
St-234-22F,5,2024-05-01
St-236-23F,1,2023-09-15
St-236-23F,2,2024-03-02
St-236-23F,3,2024-07-20
St-238-23S,1,2023-02-09
St-238-23S,2,2023-07-16
St-239-22S,1,2022-02-12
St-239-22S,2,2022-07-19
St-239-22S,3,2022-12-19
St-239-22S,4,2023-05-25
St-240-22S,1,2022-02-11
St-240-22S,2,2022-07-23
St-240-22S,3,2022-12-03
St-240-22S,4,2023-05-18
St-241-23F,1,2023-09-01
St-241-23F,2,2024-02-01
St-241-23F,3,2024-07-01
St-242-22F,1,2022-09-01
St-242-22F,2,2023-02-01
St-242-22F,3,2023-07-01
St-242-22F,4,2023-12-01
St-242-22F,5,2024-05-01
St-243-22F,1,2022-09-01
St-243-22F,2,2023-02-01
St-243-22F,3,2023-07-01
St-243-22F,4,2023-12-01
St-243-22F,5,2024-05-01
St-244-23F,1,2023-09-01
St-244-23F,2,2024-02-01
St-244-23F,3,2024-07-01
St-245-22F,1,2022-09-06
St-245-22F,2,2023-02-18
St-245-22F,3,2023-07-22
St-245-22F,4,2023-12-04
St-245-22F,5,2024-05-20
St-246-22S,1,2022-02-01
St-246-22S,2,2022-07-01
St-246-22S,3,2022-12-01
St-246-22S,4,2023-05-01
St-247-23F,1,2023-09-01
St-247-23F,2,2024-02-01
St-247-23F,3,2024-07-01
St-248-21F,1,2021-09-23
St-248-21F,2,2022-02-22
St-248-21F,3,2022-07-25
St-248-21F,4,2022-12-14
St-248-21F,5,2023-05-05
St-248-21F,6,2023-10-28
St-248-21F,7,2024-03-10
St-249-23S,1,2023-02-01
St-249-23S,2,2023-07-01
St-250-23F,1,2023-09-19
St-250-23F,2,2024-02-20
St-250-23F,3,2024-07-31
St-251-23S,1,2023-02-26
St-251-23S,2,2023-07-31
St-253-21F,1,2021-09-01
St-253-21F,2,2022-02-01
St-253-21F,3,2022-07-01
St-253-21F,4,2022-12-01
St-253-21F,5,2023-05-01
St-253-21F,6,2023-10-01
St-253-21F,7,2024-03-01
St-254-22F,1,2022-09-01
St-254-22F,2,2023-02-01
St-254-22F,3,2023-07-01
St-254-22F,4,2023-12-01
St-254-22F,5,2024-05-01
St-255-23S,1,2023-02-17
St-255-23S,2,2023-07-28
St-256-22F,1,2022-09-01
St-256-22F,2,2023-02-01
St-256-22F,3,2023-07-01
St-256-22F,4,2023-12-01
St-256-22F,5,2024-05-01
St-257-23S,1,2023-02-09
St-257-23S,2,2023-07-03
St-258-23F,1,2023-09-01
St-258-23F,2,2024-02-01
St-258-23F,3,2024-07-01
St-259-21F,1,2021-09-01
St-259-21F,2,2022-02-01
St-259-21F,3,2022-07-01
St-259-21F,4,2022-12-01
St-259-21F,5,2023-05-01
St-259-21F,6,2023-10-01
St-259-21F,7,2024-03-01
St-260-21F,1,2021-09-18
St-260-21F,2,2022-03-02
St-260-21F,3,2022-07-16
St-260-21F,4,2022-12-12
St-260-21F,5,2023-05-29
St-260-21F,6,2023-10-10
St-260-21F,7,2024-03-30
St-261-22S,1,2022-02-22
St-261-22S,2,2022-07-11
St-261-22S,3,2022-12-12
St-261-22S,4,2023-05-18
St-262-21F,1,2021-09-07
St-262-21F,2,2022-02-11
St-262-21F,3,2022-07-06
St-262-21F,4,2022-12-19
St-262-21F,5,2023-05-11
St-262-21F,6,2023-10-11
St-262-21F,7,2024-03-16
St-264-22F,1,2022-09-01
St-264-22F,2,2023-02-01
St-264-22F,3,2023-07-01
St-264-22F,4,2023-12-01
St-264-22F,5,2024-05-01
St-265-21F,1,2021-09-01
St-265-21F,2,2022-02-01
St-265-21F,3,2022-07-01
St-265-21F,4,2022-12-01
St-265-21F,5,2023-05-01
St-265-21F,6,2023-10-01
St-265-21F,7,2024-03-01
St-266-21F,1,2021-09-18
St-266-21F,2,2022-03-01
St-266-21F,3,2022-07-25
St-266-21F,4,2022-12-09
St-266-21F,5,2023-05-27
St-266-21F,6,2023-10-13
St-266-21F,7,2024-03-19
St-267-23F,1,2023-09-15
St-267-23F,2,2024-02-11
St-267-23F,3,2024-07-31
St-268-21F,1,2021-09-01
St-268-21F,2,2022-02-01
St-268-21F,3,2022-07-01
St-268-21F,4,2022-12-01
St-268-21F,5,2023-05-01
St-268-21F,6,2023-10-01
St-268-21F,7,2024-03-01
St-271-22S,1,2022-02-01
St-271-22S,2,2022-07-01
St-271-22S,3,2022-12-01
St-271-22S,4,2023-05-01
St-272-22F,1,2022-09-01
St-272-22F,2,2023-02-01
St-272-22F,3,2023-07-01
St-272-22F,4,2023-12-01
St-272-22F,5,2024-05-01
St-273-23S,1,2023-02-01
St-273-23S,2,2023-07-01
St-274-21F,1,2021-09-01
St-274-21F,2,2022-02-01
St-274-21F,3,2022-07-01
St-274-21F,4,2022-12-01
St-274-21F,5,2023-05-01
St-274-21F,6,2023-10-01
St-274-21F,7,2024-03-01
St-275-22S,1,2022-02-03
St-275-22S,2,2022-07-31
St-275-22S,3,2022-12-17
St-275-22S,4,2023-05-23
St-276-23F,1,2023-09-04
St-276-23F,2,2024-02-16
St-276-23F,3,2024-07-22
St-277-23F,1,2023-09-01
St-277-23F,2,2024-02-01
St-277-23F,3,2024-07-01
St-278-22F,1,2022-09-29
St-278-22F,2,2023-03-01
St-278-22F,3,2023-07-30
St-278-22F,4,2023-12-13
St-278-22F,5,2024-05-11
St-279-22S,1,2022-02-01
St-279-22S,2,2022-07-01
St-279-22S,3,2022-12-01
St-279-22S,4,2023-05-01
St-280-21F,1,2021-09-01
St-280-21F,2,2022-02-01
St-280-21F,3,2022-07-01
St-280-21F,4,2022-12-01
St-280-21F,5,2023-05-01
St-280-21F,6,2023-10-01
St-280-21F,7,2024-03-01
St-281-23F,1,2023-09-06
St-281-23F,2,2024-03-02
St-281-23F,3,2024-07-06
St-282-23F,1,2023-09-14
St-282-23F,2,2024-02-05
St-282-23F,3,2024-07-19
St-283-23F,1,2023-09-01
St-283-23F,2,2024-02-01
St-283-23F,3,2024-07-01
St-284-22S,1,2022-02-01
St-284-22S,2,2022-07-01
St-284-22S,3,2022-12-01
St-284-22S,4,2023-05-01
St-285-22S,1,2022-02-01
St-285-22S,2,2022-07-01
St-285-22S,3,2022-12-01
St-285-22S,4,2023-05-01
St-287-22S,1,2022-02-23
St-287-22S,2,2022-07-05
St-287-22S,3,2022-12-09
St-287-22S,4,2023-05-19
St-288-23F,1,2023-09-01
St-288-23F,2,2024-02-01
St-288-23F,3,2024-07-01
St-289-23F,1,2023-09-01
St-289-23F,2,2024-02-01
St-289-23F,3,2024-07-01
St-290-23S,1,2023-02-23
St-290-23S,2,2023-07-15
St-291-22S,1,2022-02-25
St-291-22S,2,2022-07-02
St-291-22S,3,2022-12-02
St-291-22S,4,2023-05-21
St-292-23F,1,2023-09-10
St-292-23F,2,2024-02-07
St-292-23F,3,2024-07-06
St-294-23F,1,2023-09-01
St-294-23F,2,2024-02-01
St-294-23F,3,2024-07-01
St-296-22S,1,2022-02-01
St-296-22S,2,2022-07-01
St-296-22S,3,2022-12-01
St-296-22S,4,2023-05-01
St-297-21F,1,2021-09-12
St-297-21F,2,2022-02-21
St-297-21F,3,2022-07-10
St-297-21F,4,2022-12-03
St-297-21F,5,2023-05-24
St-297-21F,6,2023-10-05
St-297-21F,7,2024-03-08
St-298-23F,1,2023-09-01
St-298-23F,2,2024-02-01
St-298-23F,3,2024-07-01
St-299-21F,1,2021-09-09
St-299-21F,2,2022-02-27
St-299-21F,3,2022-07-30
St-299-21F,4,2022-12-11
St-299-21F,5,2023-05-15
St-299-21F,6,2023-10-05
St-299-21F,7,2024-03-29
St-300-22F,1,2022-09-02
St-300-22F,2,2023-02-21
St-300-22F,3,2023-07-26
St-300-22F,4,2023-12-10
St-300-22F,5,2024-05-30
St-301-22F,1,2022-10-01
St-301-22F,2,2023-02-25
St-301-22F,3,2023-07-24
St-301-22F,4,2023-12-25
St-301-22F,5,2024-05-19
St-302-21F,1,2021-09-01
St-302-21F,2,2022-02-01
St-302-21F,3,2022-07-01
St-302-21F,4,2022-12-01
St-302-21F,5,2023-05-01
St-302-21F,6,2023-10-01
St-302-21F,7,2024-03-01
St-303-22F,1,2022-09-23
St-303-22F,2,2023-02-18
St-303-22F,3,2023-07-22
St-303-22F,4,2023-12-11
St-303-22F,5,2024-05-29
St-304-22S,1,2022-02-01
St-304-22S,2,2022-07-01
St-304-22S,3,2022-12-01
St-304-22S,4,2023-05-01
St-305-23F,1,2023-09-01
St-305-23F,2,2024-02-01
St-305-23F,3,2024-07-01
St-306-22F,1,2022-09-28
St-306-22F,2,2023-02-23
St-306-22F,3,2023-07-27
St-306-22F,4,2023-12-07
St-306-22F,5,2024-05-14
St-307-23F,1,2023-09-22
St-307-23F,2,2024-02-21
St-307-23F,3,2024-07-16
St-308-23F,1,2023-09-15
St-308-23F,2,2024-02-27
St-308-23F,3,2024-07-10
St-309-23F,1,2023-09-01
St-309-23F,2,2024-02-01
St-309-23F,3,2024-07-01
St-310-23F,1,2023-09-02
St-310-23F,2,2024-02-21
St-310-23F,3,2024-07-21
St-311-21F,1,2021-09-26
St-311-21F,2,2022-02-28
St-311-21F,3,2022-07-17
St-311-21F,4,2022-12-15
St-311-21F,5,2023-05-29
St-311-21F,6,2023-10-14
St-311-21F,7,2024-03-26
St-312-23F,1,2023-09-20
St-312-23F,2,2024-02-16
St-312-23F,3,2024-07-05
St-314-22S,1,2022-02-01
St-314-22S,2,2022-07-01
St-314-22S,3,2022-12-01
St-314-22S,4,2023-05-01
St-316-23F,1,2023-09-01
St-316-23F,2,2024-02-01
St-316-23F,3,2024-07-01
St-317-22F,1,2022-09-13
St-317-22F,2,2023-02-26
St-317-22F,3,2023-07-13
St-317-22F,4,2023-12-25
St-317-22F,5,2024-05-13
St-321-22F,1,2022-09-01
St-321-22F,2,2023-02-01
St-321-22F,3,2023-07-01
St-321-22F,4,2023-12-01
St-321-22F,5,2024-05-01
St-322-21F,1,2021-09-26
St-322-21F,2,2022-02-14
St-322-21F,3,2022-07-08
St-322-21F,4,2022-12-23
St-322-21F,5,2023-05-12
St-322-21F,6,2023-10-11
St-322-21F,7,2024-03-12
St-323-22S,1,2022-02-01
St-323-22S,2,2022-07-01
St-323-22S,3,2022-12-01
St-323-22S,4,2023-05-01
St-325-23F,1,2023-09-01
St-325-23F,2,2024-02-01
St-325-23F,3,2024-07-01
St-327-23S,1,2023-02-27
St-327-23S,2,2023-07-10
St-328-22S,1,2022-02-17
St-328-22S,2,2022-07-16
St-328-22S,3,2022-12-08
St-328-22S,4,2023-05-06
St-329-22F,1,2022-09-27
St-329-22F,2,2023-02-12
St-329-22F,3,2023-07-07
St-329-22F,4,2023-12-07
St-329-22F,5,2024-05-14
St-330-22S,1,2022-02-01
St-330-22S,2,2022-07-01
St-330-22S,3,2022-12-01
St-330-22S,4,2023-05-01
St-331-22F,1,2022-09-01
St-331-22F,2,2023-02-01
St-331-22F,3,2023-07-01
St-331-22F,4,2023-12-01
St-331-22F,5,2024-05-01
St-332-22S,1,2022-02-03
St-332-22S,2,2022-07-02
St-332-22S,3,2022-12-26
St-332-22S,4,2023-05-08
St-333-23F,1,2023-09-05
St-333-23F,2,2024-03-01
St-333-23F,3,2024-07-22
St-335-21F,1,2021-09-08
St-335-21F,2,2022-02-24
St-335-21F,3,2022-07-18
St-335-21F,4,2022-12-02
St-335-21F,5,2023-05-09
St-335-21F,6,2023-10-17
St-335-21F,7,2024-03-27
St-336-22S,1,2022-02-01
St-336-22S,2,2022-07-01
St-336-22S,3,2022-12-01
St-336-22S,4,2023-05-01
St-337-23S,1,2023-02-01
St-337-23S,2,2023-07-01
St-338-23S,1,2023-02-01
St-338-23S,2,2023-07-01
St-339-23F,1,2023-09-01
St-339-23F,2,2024-02-01
St-339-23F,3,2024-07-01
St-340-23S,1,2023-02-01
St-340-23S,2,2023-07-01
St-341-22S,1,2022-02-01
St-341-22S,2,2022-07-01
St-341-22S,3,2022-12-01
St-341-22S,4,2023-05-01
St-342-21F,1,2021-09-01
St-342-21F,2,2022-02-01
St-342-21F,3,2022-07-01
St-342-21F,4,2022-12-01
St-342-21F,5,2023-05-01
St-342-21F,6,2023-10-01
St-342-21F,7,2024-03-01
St-343-22S,1,2022-02-13
St-343-22S,2,2022-07-21
St-343-22S,3,2022-12-04
St-343-22S,4,2023-05-11
St-344-23S,1,2023-02-01
St-344-23S,2,2023-07-01
St-345-22F,1,2022-09-20
St-345-22F,2,2023-02-24
St-345-22F,3,2023-07-06
St-345-22F,4,2023-12-30
St-345-22F,5,2024-05-15
St-346-23S,1,2023-02-01
St-346-23S,2,2023-07-01
St-347-23F,1,2023-09-16
St-347-23F,2,2024-02-03
St-347-23F,3,2024-07-14
St-348-21F,1,2021-09-01
St-348-21F,2,2022-02-01
St-348-21F,3,2022-07-01
St-348-21F,4,2022-12-01
St-348-21F,5,2023-05-01
St-348-21F,6,2023-10-01
St-348-21F,7,2024-03-01
St-349-22S,1,2022-02-01
St-349-22S,2,2022-07-01
St-349-22S,3,2022-12-01
St-349-22S,4,2023-05-01
St-350-23S,1,2023-02-01
St-350-23S,2,2023-07-01
St-351-23F,1,2023-09-22
St-351-23F,2,2024-02-19
St-351-23F,3,2024-07-20
St-352-23F,1,2023-09-27
St-352-23F,2,2024-02-02
St-352-23F,3,2024-07-26
St-353-21F,1,2021-09-18
St-353-21F,2,2022-02-26
St-353-21F,3,2022-07-17
St-353-21F,4,2022-12-23
St-353-21F,5,2023-05-17
St-353-21F,6,2023-10-08
St-353-21F,7,2024-03-16
St-354-22S,1,2022-02-01
St-354-22S,2,2022-07-01
St-354-22S,3,2022-12-01
St-354-22S,4,2023-05-01
St-355-23F,1,2023-09-01
St-355-23F,2,2024-02-01
St-355-23F,3,2024-07-01
St-356-22S,1,2022-02-04
St-356-22S,2,2022-07-02
St-356-22S,3,2022-12-13
St-356-22S,4,2023-05-24
St-357-22F,1,2022-09-01
St-357-22F,2,2023-02-01
St-357-22F,3,2023-07-01
St-357-22F,4,2023-12-01
St-357-22F,5,2024-05-01
St-358-23S,1,2023-02-06
St-358-23S,2,2023-07-04
St-359-22S,1,2022-02-01
St-359-22S,2,2022-07-01
St-359-22S,3,2022-12-01
St-359-22S,4,2023-05-01
St-360-23F,1,2023-09-07
St-360-23F,2,2024-03-02
St-360-23F,3,2024-07-05
St-362-23F,1,2023-09-07
St-362-23F,2,2024-02-05
St-362-23F,3,2024-07-09
St-364-23F,1,2023-09-30
St-364-23F,2,2024-02-06
St-364-23F,3,2024-07-06
St-365-22F,1,2022-09-01
St-365-22F,2,2023-02-01
St-365-22F,3,2023-07-01
St-365-22F,4,2023-12-01
St-365-22F,5,2024-05-01
St-366-23S,1,2023-03-01
St-366-23S,2,2023-07-24
St-367-22S,1,2022-02-01
St-367-22S,2,2022-07-01
St-367-22S,3,2022-12-01
St-367-22S,4,2023-05-01
St-368-22S,1,2022-02-01
St-368-22S,2,2022-07-01
St-368-22S,3,2022-12-01
St-368-22S,4,2023-05-01
St-369-23S,1,2023-02-01
St-369-23S,2,2023-07-01
St-371-21F,1,2021-09-15
St-371-21F,2,2022-02-08
St-371-21F,3,2022-07-04
St-371-21F,4,2022-12-06
St-371-21F,5,2023-05-04
St-371-21F,6,2023-10-02
St-371-21F,7,2024-03-22
St-372-23F,1,2023-09-03
St-372-23F,2,2024-02-23
St-372-23F,3,2024-07-21
St-373-22F,1,2022-09-01
St-373-22F,2,2023-02-01
St-373-22F,3,2023-07-01
St-373-22F,4,2023-12-01
St-373-22F,5,2024-05-01
St-374-23S,1,2023-02-01
St-374-23S,2,2023-07-01
St-375-21F,1,2021-09-01
St-375-21F,2,2022-02-01
St-375-21F,3,2022-07-01
St-375-21F,4,2022-12-01
St-375-21F,5,2023-05-01
St-375-21F,6,2023-10-01
St-375-21F,7,2024-03-01
St-376-22F,1,2022-09-01
St-376-22F,2,2023-02-01
St-376-22F,3,2023-07-01
St-376-22F,4,2023-12-01
St-376-22F,5,2024-05-01
St-377-23F,1,2023-09-01
St-377-23F,2,2024-02-01
St-377-23F,3,2024-07-01
St-378-22F,1,2022-09-23
St-378-22F,2,2023-02-28
St-378-22F,3,2023-07-10
St-378-22F,4,2023-12-13
St-378-22F,5,2024-05-10
St-379-23S,1,2023-02-01
St-379-23S,2,2023-07-01
St-380-23S,1,2023-02-01
St-380-23S,2,2023-07-01
St-381-22S,1,2022-02-04
St-381-22S,2,2022-07-30
St-381-22S,3,2022-12-28
St-381-22S,4,2023-05-27
St-382-23F,1,2023-09-17
St-382-23F,2,2024-02-10
St-382-23F,3,2024-07-09
St-384-22F,1,2022-09-01
St-384-22F,2,2023-02-01
St-384-22F,3,2023-07-01
St-384-22F,4,2023-12-01
St-384-22F,5,2024-05-01
St-385-22S,1,2022-02-01
St-385-22S,2,2022-07-01
St-385-22S,3,2022-12-01
St-385-22S,4,2023-05-01
St-386-22S,1,2022-02-01
St-386-22S,2,2022-07-01
St-386-22S,3,2022-12-01
St-386-22S,4,2023-05-01
St-387-21F,1,2021-09-01
St-387-21F,2,2022-02-01
St-387-21F,3,2022-07-01
St-387-21F,4,2022-12-01
St-387-21F,5,2023-05-01
St-387-21F,6,2023-10-01
St-387-21F,7,2024-03-01
St-388-23F,1,2023-09-01
St-388-23F,2,2024-02-01
St-388-23F,3,2024-07-01
St-389-22F,1,2022-09-24
St-389-22F,2,2023-03-01
St-389-22F,3,2023-07-21
St-389-22F,4,2023-12-06
St-389-22F,5,2024-05-23
St-390-21F,1,2021-09-01
St-390-21F,2,2022-02-01
St-390-21F,3,2022-07-01
St-390-21F,4,2022-12-01
St-390-21F,5,2023-05-01
St-390-21F,6,2023-10-01
St-390-21F,7,2024-03-01
St-391-22F,1,2022-09-01
St-391-22F,2,2023-02-01
St-391-22F,3,2023-07-01
St-391-22F,4,2023-12-01
St-391-22F,5,2024-05-01
St-392-23S,1,2023-02-01
St-392-23S,2,2023-07-01
St-394-22F,1,2022-09-01
St-394-22F,2,2023-02-01
St-394-22F,3,2023-07-01
St-394-22F,4,2023-12-01
St-394-22F,5,2024-05-01
St-396-23S,1,2023-02-01
St-396-23S,2,2023-07-01
St-397-22F,1,2022-09-01
St-397-22F,2,2023-02-01
St-397-22F,3,2023-07-01
St-397-22F,4,2023-12-01
St-397-22F,5,2024-05-01
St-398-23S,1,2023-02-01
St-398-23S,2,2023-07-01
St-399-23S,1,2023-02-23
St-399-23S,2,2023-07-21
St-400-22F,1,2022-09-01
St-400-22F,2,2023-02-01
St-400-22F,3,2023-07-01
St-400-22F,4,2023-12-01
St-400-22F,5,2024-05-01
St-401-23S,1,2023-02-01
St-401-23S,2,2023-07-01
St-402-22S,1,2022-02-01
St-402-22S,2,2022-07-01
St-402-22S,3,2022-12-01
St-402-22S,4,2023-05-01
St-403-22F,1,2022-09-01
St-403-22F,2,2023-02-01
St-403-22F,3,2023-07-01
St-403-22F,4,2023-12-01
St-403-22F,5,2024-05-01
St-404-21F,1,2021-09-01
St-404-21F,2,2022-02-01
St-404-21F,3,2022-07-01
St-404-21F,4,2022-12-01
St-404-21F,5,2023-05-01
St-404-21F,6,2023-10-01
St-404-21F,7,2024-03-01
St-406-21F,1,2021-09-14
St-406-21F,2,2022-02-18
St-406-21F,3,2022-07-27
St-406-21F,4,2022-12-31
St-406-21F,5,2023-05-13
St-406-21F,6,2023-10-09
St-406-21F,7,2024-03-06
St-409-23F,1,2023-09-20
St-409-23F,2,2024-02-21
St-409-23F,3,2024-07-20
St-414-23S,1,2023-02-01
St-414-23S,2,2023-07-01
St-416-21F,1,2021-09-01
St-416-21F,2,2022-02-01
St-416-21F,3,2022-07-01
St-416-21F,4,2022-12-01
St-416-21F,5,2023-05-01
St-416-21F,6,2023-10-01
St-416-21F,7,2024-03-01
St-418-23F,1,2023-09-01
St-418-23F,2,2024-02-01
St-418-23F,3,2024-07-01
St-420-22F,1,2022-09-01
St-420-22F,2,2023-02-01
St-420-22F,3,2023-07-01
St-420-22F,4,2023-12-01
St-420-22F,5,2024-05-01
St-421-23F,1,2023-09-08
St-421-23F,2,2024-02-18
St-421-23F,3,2024-07-12
St-422-23F,1,2023-09-01
St-422-23F,2,2024-02-01
St-422-23F,3,2024-07-01
St-423-23S,1,2023-02-06
St-423-23S,2,2023-07-15
St-424-23F,1,2023-09-24
St-424-23F,2,2024-02-14
St-424-23F,3,2024-07-24
St-425-21F,1,2021-09-22
St-425-21F,2,2022-02-10
St-425-21F,3,2022-07-17
St-425-21F,4,2022-12-27
St-425-21F,5,2023-05-04
St-425-21F,6,2023-10-30
St-425-21F,7,2024-03-26
St-426-21F,1,2021-09-29
St-426-21F,2,2022-02-22
St-426-21F,3,2022-07-04
St-426-21F,4,2022-12-03
St-426-21F,5,2023-05-16
St-426-21F,6,2023-10-11
St-426-21F,7,2024-03-22
St-427-22S,1,2022-02-01
St-427-22S,2,2022-07-01
St-427-22S,3,2022-12-01
St-427-22S,4,2023-05-01
St-429-21F,1,2021-09-13
St-429-21F,2,2022-02-21
St-429-21F,3,2022-07-27
St-429-21F,4,2022-12-28
St-429-21F,5,2023-05-29
St-429-21F,6,2023-10-18
St-429-21F,7,2024-03-28
St-430-22F,1,2022-09-13
St-430-22F,2,2023-02-16
St-430-22F,3,2023-07-13
St-430-22F,4,2023-12-24
St-430-22F,5,2024-05-22
St-431-23F,1,2023-09-16
St-431-23F,2,2024-03-02
St-431-23F,3,2024-07-17
St-432-21F,1,2021-09-01
St-432-21F,2,2022-02-01
St-432-21F,3,2022-07-01
St-432-21F,4,2022-12-01
St-432-21F,5,2023-05-01
St-432-21F,6,2023-10-01
St-432-21F,7,2024-03-01
St-434-22F,1,2022-09-01
St-434-22F,2,2023-02-01
St-434-22F,3,2023-07-01
St-434-22F,4,2023-12-01
St-434-22F,5,2024-05-01
St-435-23F,1,2023-09-01
St-435-23F,2,2024-02-01
St-435-23F,3,2024-07-01
St-436-22S,1,2022-02-01
St-436-22S,2,2022-07-01
St-436-22S,3,2022-12-01
St-436-22S,4,2023-05-01
St-437-22F,1,2022-09-03
St-437-22F,2,2023-02-07
St-437-22F,3,2023-07-18
St-437-22F,4,2023-12-19
St-437-22F,5,2024-05-13
St-438-23S,1,2023-02-01
St-438-23S,2,2023-07-01
St-439-21F,1,2021-09-01
St-439-21F,2,2022-02-01
St-439-21F,3,2022-07-01
St-439-21F,4,2022-12-01
St-439-21F,5,2023-05-01
St-439-21F,6,2023-10-01
St-439-21F,7,2024-03-01
St-440-21F,1,2021-09-26
St-440-21F,2,2022-02-28
St-440-21F,3,2022-07-30
St-440-21F,4,2022-12-14
St-440-21F,5,2023-05-22
St-440-21F,6,2023-10-05
St-440-21F,7,2024-03-04
St-441-22S,1,2022-02-26
St-441-22S,2,2022-07-24
St-441-22S,3,2022-12-04
St-441-22S,4,2023-05-25
St-442-22S,1,2022-02-01
St-442-22S,2,2022-07-01
St-442-22S,3,2022-12-01
St-442-22S,4,2023-05-01
St-443-22S,1,2022-02-21
St-443-22S,2,2022-07-26
St-443-22S,3,2022-12-27
St-443-22S,4,2023-05-27
St-444-22S,1,2022-02-01
St-444-22S,2,2022-07-01
St-444-22S,3,2022-12-01
St-444-22S,4,2023-05-01
St-445-22F,1,2022-09-01
St-445-22F,2,2023-02-01
St-445-22F,3,2023-07-01
St-445-22F,4,2023-12-01
St-445-22F,5,2024-05-01
St-446-23S,1,2023-02-21
St-446-23S,2,2023-07-03
St-447-23S,1,2023-02-01
St-447-23S,2,2023-07-01
St-448-23S,1,2023-02-01
St-448-23S,2,2023-07-01
St-449-23F,1,2023-09-02
St-449-23F,2,2024-02-02
St-449-23F,3,2024-07-22
St-450-22F,1,2022-09-11
St-450-22F,2,2023-02-08
St-450-22F,3,2023-07-25
St-450-22F,4,2023-12-24
St-450-22F,5,2024-05-25
St-451-23S,1,2023-02-27
St-451-23S,2,2023-07-26
St-452-21F,1,2021-09-20
St-452-21F,2,2022-02-15
St-452-21F,3,2022-07-18
St-452-21F,4,2022-12-27
St-452-21F,5,2023-05-26
St-452-21F,6,2023-10-06
St-452-21F,7,2024-03-27
St-453-23F,1,2023-09-01
St-453-23F,2,2024-02-01
St-453-23F,3,2024-07-01
St-454-22S,1,2022-02-03
St-454-22S,2,2022-07-29
St-454-22S,3,2022-12-30
St-454-22S,4,2023-05-16
St-455-23S,1,2023-02-01
St-455-23S,2,2023-07-01
St-456-23F,1,2023-09-01
St-456-23F,2,2024-02-01
St-456-23F,3,2024-07-01
St-457-22F,1,2022-09-01
St-457-22F,2,2023-02-01
St-457-22F,3,2023-07-01
St-457-22F,4,2023-12-01
St-457-22F,5,2024-05-01
St-458-21F,1,2021-09-01
St-458-21F,2,2022-02-01
St-458-21F,3,2022-07-01
St-458-21F,4,2022-12-01
St-458-21F,5,2023-05-01
St-458-21F,6,2023-10-01
St-458-21F,7,2024-03-01
St-459-21F,1,2021-09-01
St-459-21F,2,2022-02-01
St-459-21F,3,2022-07-01
St-459-21F,4,2022-12-01
St-459-21F,5,2023-05-01
St-459-21F,6,2023-10-01
St-459-21F,7,2024-03-01
St-460-23S,1,2023-02-01
St-460-23S,2,2023-07-01
St-461-22F,1,2022-09-01
St-461-22F,2,2023-02-01
St-461-22F,3,2023-07-01
St-461-22F,4,2023-12-01
St-461-22F,5,2024-05-01
St-462-23F,1,2023-09-01
St-462-23F,2,2024-02-01
St-462-23F,3,2024-07-01
St-463-21F,1,2021-09-27
St-463-21F,2,2022-02-05
St-463-21F,3,2022-07-31
St-463-21F,4,2022-12-15
St-463-21F,5,2023-05-11
St-463-21F,6,2023-10-28
St-463-21F,7,2024-03-07
St-464-23F,1,2023-09-01
St-464-23F,2,2024-02-01
St-464-23F,3,2024-07-01
St-466-23S,1,2023-02-21
St-466-23S,2,2023-07-16
St-467-23F,1,2023-09-01
St-467-23F,2,2024-02-01
St-467-23F,3,2024-07-01
St-468-21F,1,2021-09-01
St-468-21F,2,2022-02-01
St-468-21F,3,2022-07-01
St-468-21F,4,2022-12-01
St-468-21F,5,2023-05-01
St-468-21F,6,2023-10-01
St-468-21F,7,2024-03-01
St-469-21F,1,2021-09-23
St-469-21F,2,2022-02-08
St-469-21F,3,2022-07-30
St-469-21F,4,2022-12-10
St-469-21F,5,2023-05-23
St-469-21F,6,2023-10-14
St-469-21F,7,2024-03-04
St-470-21F,1,2021-09-01
St-470-21F,2,2022-02-01
St-470-21F,3,2022-07-01
St-470-21F,4,2022-12-01
St-470-21F,5,2023-05-01
St-470-21F,6,2023-10-01
St-470-21F,7,2024-03-01
St-471-23S,1,2023-02-01
St-471-23S,2,2023-07-01
St-473-22S,1,2022-02-01
St-473-22S,2,2022-07-01
St-473-22S,3,2022-12-01
St-473-22S,4,2023-05-01
St-475-22F,1,2022-09-01
St-475-22F,2,2023-02-01
St-475-22F,3,2023-07-01
St-475-22F,4,2023-12-01
St-475-22F,5,2024-05-01
St-477-22S,1,2022-02-01
St-477-22S,2,2022-07-01
St-477-22S,3,2022-12-01
St-477-22S,4,2023-05-01
St-478-21F,1,2021-09-12
St-478-21F,2,2022-02-22
St-478-21F,3,2022-07-08
St-478-21F,4,2022-12-16
St-478-21F,5,2023-05-06
St-478-21F,6,2023-10-17
St-478-21F,7,2024-03-26
St-480-23S,1,2023-03-03
St-480-23S,2,2023-07-29
St-481-23S,1,2023-02-01
St-481-23S,2,2023-07-01
St-482-22F,1,2022-09-09
St-482-22F,2,2023-02-14
St-482-22F,3,2023-07-08
St-482-22F,4,2023-12-28
St-482-22F,5,2024-05-21
St-483-21F,1,2021-09-14
St-483-21F,2,2022-03-03
St-483-21F,3,2022-07-13
St-483-21F,4,2022-12-27
St-483-21F,5,2023-05-07
St-483-21F,6,2023-10-07
St-483-21F,7,2024-03-23
St-484-21F,1,2021-09-01
St-484-21F,2,2022-02-01
St-484-21F,3,2022-07-01
St-484-21F,4,2022-12-01
St-484-21F,5,2023-05-01
St-484-21F,6,2023-10-01
St-484-21F,7,2024-03-01
St-486-23S,1,2023-02-20
St-486-23S,2,2023-07-23
St-488-22F,1,2022-09-01
St-488-22F,2,2023-02-01
St-488-22F,3,2023-07-01
St-488-22F,4,2023-12-01
St-488-22F,5,2024-05-01
St-489-23F,1,2023-09-01
St-489-23F,2,2024-02-01
St-489-23F,3,2024-07-01
St-490-23F,1,2023-09-01
St-490-23F,2,2024-02-01
St-490-23F,3,2024-07-01
St-491-23S,1,2023-02-20
St-491-23S,2,2023-07-22
St-492-22F,1,2022-09-01
St-492-22F,2,2023-02-01
St-492-22F,3,2023-07-01
St-492-22F,4,2023-12-01
St-492-22F,5,2024-05-01
St-493-22S,1,2022-02-01
St-493-22S,2,2022-07-01
St-493-22S,3,2022-12-01
St-493-22S,4,2023-05-01
St-494-23F,1,2023-09-26
St-494-23F,2,2024-02-06
St-494-23F,3,2024-07-09
St-495-23F,1,2023-10-01
St-495-23F,2,2024-02-03
St-495-23F,3,2024-07-13
St-496-23F,1,2023-09-06
St-496-23F,2,2024-02-13
St-496-23F,3,2024-07-09
St-497-21F,1,2021-09-01
St-497-21F,2,2022-02-01
St-497-21F,3,2022-07-01
St-497-21F,4,2022-12-01
St-497-21F,5,2023-05-01
St-497-21F,6,2023-10-01
St-497-21F,7,2024-03-01
St-498-23S,1,2023-02-01
St-498-23S,2,2023-07-01
St-499-21F,1,2021-09-01
St-499-21F,2,2022-02-01
St-499-21F,3,2022-07-01
St-499-21F,4,2022-12-01
St-499-21F,5,2023-05-01
St-499-21F,6,2023-10-01
St-499-21F,7,2024-03-01
St-500-22F,1,2022-09-17
St-500-22F,2,2023-03-01
St-500-22F,3,2023-07-20
St-500-22F,4,2023-12-27
St-500-22F,5,2024-05-09
St-501-22S,1,2022-02-21
St-501-22S,2,2022-07-22
St-501-22S,3,2022-12-19
St-501-22S,4,2023-05-13
St-502-23S,1,2023-02-04
St-502-23S,2,2023-07-14
St-503-22S,1,2022-02-01
St-503-22S,2,2022-07-01
St-503-22S,3,2022-12-01
St-503-22S,4,2023-05-01
St-504-23S,1,2023-02-01
St-504-23S,2,2023-07-01
St-505-23S,1,2023-02-01
St-505-23S,2,2023-07-01
St-506-21F,1,2021-09-01
St-506-21F,2,2022-02-01
St-506-21F,3,2022-07-01
St-506-21F,4,2022-12-01
St-506-21F,5,2023-05-01
St-506-21F,6,2023-10-01
St-506-21F,7,2024-03-01
St-509-21F,1,2021-09-01
St-509-21F,2,2022-02-01
St-509-21F,3,2022-07-01
St-509-21F,4,2022-12-01
St-509-21F,5,2023-05-01
St-509-21F,6,2023-10-01
St-509-21F,7,2024-03-01
St-510-23F,1,2023-09-01
St-510-23F,2,2024-02-01
St-510-23F,3,2024-07-01
St-511-22F,1,2022-09-01
St-511-22F,2,2023-02-01
St-511-22F,3,2023-07-01
St-511-22F,4,2023-12-01
St-511-22F,5,2024-05-01
St-513-22F,1,2022-09-01
St-513-22F,2,2023-02-01
St-513-22F,3,2023-07-01
St-513-22F,4,2023-12-01
St-513-22F,5,2024-05-01
St-514-22F,1,2022-09-22
St-514-22F,2,2023-02-11
St-514-22F,3,2023-07-30
St-514-22F,4,2023-12-09
St-514-22F,5,2024-05-18
St-515-23S,1,2023-02-04
St-515-23S,2,2023-07-10
St-516-23S,1,2023-02-01
St-516-23S,2,2023-07-01
St-518-23S,1,2023-02-01
St-518-23S,2,2023-07-01
St-519-23S,1,2023-02-01
St-519-23S,2,2023-07-01
St-521-22S,1,2022-02-01
St-521-22S,2,2022-07-01
St-521-22S,3,2022-12-01
St-521-22S,4,2023-05-01
St-522-22F,1,2022-09-17
St-522-22F,2,2023-02-23
St-522-22F,3,2023-07-04
St-522-22F,4,2023-12-23
St-522-22F,5,2024-05-24
St-524-23S,1,2023-02-09
St-524-23S,2,2023-07-22
St-525-21F,1,2021-09-01
St-525-21F,2,2022-02-01
St-525-21F,3,2022-07-01
St-525-21F,4,2022-12-01
St-525-21F,5,2023-05-01
St-525-21F,6,2023-10-01
St-525-21F,7,2024-03-01
St-526-23F,1,2023-09-01
St-526-23F,2,2024-02-01
St-526-23F,3,2024-07-01
St-527-21F,1,2021-09-21
St-527-21F,2,2022-02-05
St-527-21F,3,2022-07-29
St-527-21F,4,2022-12-11
St-527-21F,5,2023-05-03
St-527-21F,6,2023-10-14
St-527-21F,7,2024-03-18
St-528-21F,1,2021-09-11
St-528-21F,2,2022-02-11
St-528-21F,3,2022-07-07
St-528-21F,4,2022-12-27
St-528-21F,5,2023-05-15
St-528-21F,6,2023-10-13
St-528-21F,7,2024-03-14
St-529-23S,1,2023-02-16
St-529-23S,2,2023-07-26
St-530-23S,1,2023-02-28
St-530-23S,2,2023-07-27
St-531-21F,1,2021-09-25
St-531-21F,2,2022-02-26
St-531-21F,3,2022-07-03
St-531-21F,4,2022-12-24
St-531-21F,5,2023-05-22
St-531-21F,6,2023-10-11
St-531-21F,7,2024-03-29
St-532-23S,1,2023-02-01
St-532-23S,2,2023-07-01
St-533-21F,1,2021-09-05
St-533-21F,2,2022-02-26
St-533-21F,3,2022-07-05
St-533-21F,4,2022-12-02
St-533-21F,5,2023-05-02
St-533-21F,6,2023-10-24
St-533-21F,7,2024-03-04
St-534-22F,1,2022-09-01
St-534-22F,2,2023-02-01
St-534-22F,3,2023-07-01
St-534-22F,4,2023-12-01
St-534-22F,5,2024-05-01
St-535-23F,1,2023-10-01
St-535-23F,2,2024-02-05
St-535-23F,3,2024-07-11
St-536-23F,1,2023-09-22
St-536-23F,2,2024-02-06
St-536-23F,3,2024-07-11
St-537-23S,1,2023-02-07
St-537-23S,2,2023-07-26
St-539-21F,1,2021-09-01
St-539-21F,2,2022-02-01
St-539-21F,3,2022-07-01
St-539-21F,4,2022-12-01
St-539-21F,5,2023-05-01
St-539-21F,6,2023-10-01
St-539-21F,7,2024-03-01
St-540-23S,1,2023-02-01
St-540-23S,2,2023-07-01
St-541-22F,1,2022-09-01
St-541-22F,2,2023-02-01
St-541-22F,3,2023-07-01
St-541-22F,4,2023-12-01
St-541-22F,5,2024-05-01
St-542-22F,1,2022-09-10
St-542-22F,2,2023-02-04
St-542-22F,3,2023-07-17
St-542-22F,4,2023-12-15
St-542-22F,5,2024-05-05
St-543-22S,1,2022-02-19
St-543-22S,2,2022-07-24
St-543-22S,3,2022-12-17
St-543-22S,4,2023-05-20
St-544-22S,1,2022-02-20
St-544-22S,2,2022-07-26
St-544-22S,3,2022-12-15
St-544-22S,4,2023-05-04
St-545-22S,1,2022-02-22
St-545-22S,2,2022-07-13
St-545-22S,3,2022-12-21
St-545-22S,4,2023-05-27
St-546-22F,1,2022-09-01
St-546-22F,2,2023-02-01
St-546-22F,3,2023-07-01
St-546-22F,4,2023-12-01
St-546-22F,5,2024-05-01
St-547-23S,1,2023-02-01
St-547-23S,2,2023-07-01
St-548-22F,1,2022-09-19
St-548-22F,2,2023-02-04
St-548-22F,3,2023-07-17
St-548-22F,4,2023-12-03
St-548-22F,5,2024-05-26
St-549-23F,1,2023-09-03
St-549-23F,2,2024-02-18
St-549-23F,3,2024-07-20
St-550-22S,1,2022-02-11
St-550-22S,2,2022-07-03
St-550-22S,3,2022-12-13
St-550-22S,4,2023-05-22
St-551-23F,1,2023-09-01
St-551-23F,2,2024-02-01
St-551-23F,3,2024-07-01
St-552-22S,1,2022-02-01
St-552-22S,2,2022-07-01
St-552-22S,3,2022-12-01
St-552-22S,4,2023-05-01
St-553-23S,1,2023-02-15
St-553-23S,2,2023-07-28
St-554-21F,1,2021-09-01
St-554-21F,2,2022-02-01
St-554-21F,3,2022-07-01
St-554-21F,4,2022-12-01
St-554-21F,5,2023-05-01
St-554-21F,6,2023-10-01
St-554-21F,7,2024-03-01
St-555-23S,1,2023-02-25
St-555-23S,2,2023-07-19
St-556-22S,1,2022-02-01
St-556-22S,2,2022-07-01
St-556-22S,3,2022-12-01
St-556-22S,4,2023-05-01
St-557-22S,1,2022-02-01
St-557-22S,2,2022-07-01
St-557-22S,3,2022-12-01
St-557-22S,4,2023-05-01
St-558-23S,1,2023-02-22
St-558-23S,2,2023-07-21
St-559-23F,1,2023-09-01
St-559-23F,2,2024-02-01
St-559-23F,3,2024-07-01
St-560-21F,1,2021-09-09
St-560-21F,2,2022-02-26
St-560-21F,3,2022-07-04
St-560-21F,4,2022-12-18
St-560-21F,5,2023-05-15
St-560-21F,6,2023-10-09
St-560-21F,7,2024-03-31
St-561-21F,1,2021-09-01
St-561-21F,2,2022-02-01
St-561-21F,3,2022-07-01
St-561-21F,4,2022-12-01
St-561-21F,5,2023-05-01
St-561-21F,6,2023-10-01
St-561-21F,7,2024-03-01
St-563-22S,1,2022-02-01
St-563-22S,2,2022-07-01
St-563-22S,3,2022-12-01
St-563-22S,4,2023-05-01
St-564-23F,1,2023-09-01
St-564-23F,2,2024-02-01
St-564-23F,3,2024-07-01
St-565-22F,1,2022-09-01
St-565-22F,2,2023-02-01
St-565-22F,3,2023-07-01
St-565-22F,4,2023-12-01
St-565-22F,5,2024-05-01
St-566-22S,1,2022-02-01
St-566-22S,2,2022-07-01
St-566-22S,3,2022-12-01
St-566-22S,4,2023-05-01
St-567-21F,1,2021-09-01
St-567-21F,2,2022-02-01
St-567-21F,3,2022-07-01
St-567-21F,4,2022-12-01
St-567-21F,5,2023-05-01
St-567-21F,6,2023-10-01
St-567-21F,7,2024-03-01
St-568-22F,1,2022-09-03
St-568-22F,2,2023-02-25
St-568-22F,3,2023-07-05
St-568-22F,4,2023-12-03
St-568-22F,5,2024-05-12
St-569-22S,1,2022-02-01
St-569-22S,2,2022-07-01
St-569-22S,3,2022-12-01
St-569-22S,4,2023-05-01
St-570-22S,1,2022-02-01
St-570-22S,2,2022-07-01
St-570-22S,3,2022-12-01
St-570-22S,4,2023-05-01
St-572-23F,1,2023-09-01
St-572-23F,2,2024-02-01
St-572-23F,3,2024-07-01
St-573-23F,1,2023-09-01
St-573-23F,2,2024-02-01
St-573-23F,3,2024-07-01
St-574-22F,1,2022-09-01
St-574-22F,2,2023-02-01
St-574-22F,3,2023-07-01
St-574-22F,4,2023-12-01
St-574-22F,5,2024-05-01
St-575-22S,1,2022-02-01
St-575-22S,2,2022-07-01
St-575-22S,3,2022-12-01
St-575-22S,4,2023-05-01
St-577-23S,1,2023-02-24
St-577-23S,2,2023-07-13
St-578-23S,1,2023-02-01
St-578-23S,2,2023-07-01
St-580-22F,1,2022-09-01
St-580-22F,2,2023-02-01
St-580-22F,3,2023-07-01
St-580-22F,4,2023-12-01
St-580-22F,5,2024-05-01
St-581-22F,1,2022-09-07
St-581-22F,2,2023-02-14
St-581-22F,3,2023-07-06
St-581-22F,4,2023-12-27
St-581-22F,5,2024-05-20
St-582-22F,1,2022-09-23
St-582-22F,2,2023-02-06
St-582-22F,3,2023-07-24
St-582-22F,4,2023-12-06
St-582-22F,5,2024-05-14
St-583-22F,1,2022-09-01
St-583-22F,2,2023-02-01
St-583-22F,3,2023-07-01
St-583-22F,4,2023-12-01
St-583-22F,5,2024-05-01
St-584-23S,1,2023-02-17
St-584-23S,2,2023-07-18
St-585-23F,1,2023-09-05
St-585-23F,2,2024-02-21
St-585-23F,3,2024-07-02
St-589-23S,1,2023-02-23
St-589-23S,2,2023-07-13
St-590-22S,1,2022-02-05
St-590-22S,2,2022-07-12
St-590-22S,3,2022-12-10
St-590-22S,4,2023-05-07
St-591-23F,1,2023-09-21
St-591-23F,2,2024-02-18
St-591-23F,3,2024-07-12
St-593-23S,1,2023-02-01
St-593-23S,2,2023-07-01
St-594-22F,1,2022-09-01
St-594-22F,2,2023-02-01
St-594-22F,3,2023-07-01
St-594-22F,4,2023-12-01
St-594-22F,5,2024-05-01
St-595-23S,1,2023-02-08
St-595-23S,2,2023-07-05
St-596-22F,1,2022-09-08
St-596-22F,2,2023-02-19
St-596-22F,3,2023-07-27
St-596-22F,4,2023-12-26
St-596-22F,5,2024-05-28
St-597-21F,1,2021-09-26
St-597-21F,2,2022-03-03
St-597-21F,3,2022-07-11
St-597-21F,4,2022-12-25
St-597-21F,5,2023-05-27
St-597-21F,6,2023-10-27
St-597-21F,7,2024-03-02
St-598-22S,1,2022-02-01
St-598-22S,2,2022-07-01
St-598-22S,3,2022-12-01
St-598-22S,4,2023-05-01
St-600-22F,1,2022-09-07
St-600-22F,2,2023-02-06
St-600-22F,3,2023-07-31
St-600-22F,4,2023-12-23
St-600-22F,5,2024-05-02
St-601-23F,1,2023-09-01
St-601-23F,2,2024-02-01
St-601-23F,3,2024-07-01
St-602-23S,1,2023-02-08
St-602-23S,2,2023-07-30
St-603-23F,1,2023-09-01
St-603-23F,2,2024-02-01
St-603-23F,3,2024-07-01
St-604-21F,1,2021-09-17
St-604-21F,2,2022-02-21
St-604-21F,3,2022-07-30
St-604-21F,4,2022-12-28
St-604-21F,5,2023-05-17
St-604-21F,6,2023-10-21
St-604-21F,7,2024-03-26
St-605-23F,1,2023-09-19
St-605-23F,2,2024-02-06
St-605-23F,3,2024-07-29
St-606-23F,1,2023-09-01
St-606-23F,2,2024-02-01
St-606-23F,3,2024-07-01
St-607-23S,1,2023-02-01
St-607-23S,2,2023-07-01
St-608-23S,1,2023-02-01
St-608-23S,2,2023-07-01
St-609-22S,1,2022-02-01
St-609-22S,2,2022-07-01
St-609-22S,3,2022-12-01
St-609-22S,4,2023-05-01
St-610-21F,1,2021-09-01
St-610-21F,2,2022-02-01
St-610-21F,3,2022-07-01
St-610-21F,4,2022-12-01
St-610-21F,5,2023-05-01
St-610-21F,6,2023-10-01
St-610-21F,7,2024-03-01
St-611-22S,1,2022-02-01
St-611-22S,2,2022-07-01
St-611-22S,3,2022-12-01
St-611-22S,4,2023-05-01
St-612-22F,1,2022-09-01
St-612-22F,2,2023-02-01
St-612-22F,3,2023-07-01
St-612-22F,4,2023-12-01
St-612-22F,5,2024-05-01
St-613-22F,1,2022-09-01
St-613-22F,2,2023-02-01
St-613-22F,3,2023-07-01
St-613-22F,4,2023-12-01
St-613-22F,5,2024-05-01
St-614-22F,1,2022-09-19
St-614-22F,2,2023-02-09
St-614-22F,3,2023-07-27
St-614-22F,4,2023-12-29
St-614-22F,5,2024-05-02
St-615-23S,1,2023-02-01
St-615-23S,2,2023-07-01
St-616-21F,1,2021-09-01
St-616-21F,2,2022-02-01
St-616-21F,3,2022-07-01
St-616-21F,4,2022-12-01
St-616-21F,5,2023-05-01
St-616-21F,6,2023-10-01
St-616-21F,7,2024-03-01
St-618-22F,1,2022-09-15
St-618-22F,2,2023-02-18
St-618-22F,3,2023-07-24
St-618-22F,4,2023-12-24
St-618-22F,5,2024-05-26
St-619-22F,1,2022-09-01
St-619-22F,2,2023-02-01
St-619-22F,3,2023-07-01
St-619-22F,4,2023-12-01
St-619-22F,5,2024-05-01
St-620-22F,1,2022-09-01
St-620-22F,2,2023-02-01
St-620-22F,3,2023-07-01
St-620-22F,4,2023-12-01
St-620-22F,5,2024-05-01
St-621-23S,1,2023-02-01
St-621-23S,2,2023-07-01
St-622-23S,1,2023-02-03
St-622-23S,2,2023-07-09
St-623-21F,1,2021-09-01
St-623-21F,2,2022-02-01
St-623-21F,3,2022-07-01
St-623-21F,4,2022-12-01
St-623-21F,5,2023-05-01
St-623-21F,6,2023-10-01
St-623-21F,7,2024-03-01
St-624-23F,1,2023-09-01
St-624-23F,2,2024-02-01
St-624-23F,3,2024-07-01
St-625-23S,1,2023-02-01
St-625-23S,2,2023-07-01
St-627-22S,1,2022-02-14
St-627-22S,2,2022-07-08
St-627-22S,3,2022-12-10
St-627-22S,4,2023-05-15
St-629-21F,1,2021-09-08
St-629-21F,2,2022-02-02
St-629-21F,3,2022-07-12
St-629-21F,4,2022-12-29
St-629-21F,5,2023-05-25
St-629-21F,6,2023-10-22
St-629-21F,7,2024-03-13
St-630-22S,1,2022-02-26
St-630-22S,2,2022-07-03
St-630-22S,3,2022-12-19
St-630-22S,4,2023-05-28
St-631-22S,1,2022-02-01
St-631-22S,2,2022-07-01
St-631-22S,3,2022-12-01
St-631-22S,4,2023-05-01
St-632-22S,1,2022-02-28
St-632-22S,2,2022-07-21
St-632-22S,3,2022-12-25
St-632-22S,4,2023-05-09
St-633-23F,1,2023-09-01
St-633-23F,2,2024-02-01
St-633-23F,3,2024-07-01
St-635-23S,1,2023-02-01
St-635-23S,2,2023-07-01
St-636-22F,1,2022-09-02
St-636-22F,2,2023-02-16
St-636-22F,3,2023-07-10
St-636-22F,4,2023-12-24
St-636-22F,5,2024-05-30
St-638-21F,1,2021-09-01
St-638-21F,2,2022-02-01
St-638-21F,3,2022-07-01
St-638-21F,4,2022-12-01
St-638-21F,5,2023-05-01
St-638-21F,6,2023-10-01
St-638-21F,7,2024-03-01
St-639-23F,1,2023-09-01
St-639-23F,2,2024-02-01
St-639-23F,3,2024-07-01
St-640-23F,1,2023-09-01
St-640-23F,2,2024-02-01
St-640-23F,3,2024-07-01
St-641-22S,1,2022-02-01
St-641-22S,2,2022-07-01
St-641-22S,3,2022-12-01
St-641-22S,4,2023-05-01
St-642-21F,1,2021-09-01
St-642-21F,2,2022-02-01
St-642-21F,3,2022-07-01
St-642-21F,4,2022-12-01
St-642-21F,5,2023-05-01
St-642-21F,6,2023-10-01
St-642-21F,7,2024-03-01
St-643-21F,1,2021-09-01
St-643-21F,2,2022-02-01
St-643-21F,3,2022-07-01
St-643-21F,4,2022-12-01
St-643-21F,5,2023-05-01
St-643-21F,6,2023-10-01
St-643-21F,7,2024-03-01
St-644-23S,1,2023-02-21
St-644-23S,2,2023-07-03
St-645-23F,1,2023-09-21
St-645-23F,2,2024-02-20
St-645-23F,3,2024-07-27
St-646-23F,1,2023-09-01
St-646-23F,2,2024-02-01
St-646-23F,3,2024-07-01
St-648-21F,1,2021-09-01
St-648-21F,2,2022-02-01
St-648-21F,3,2022-07-01
St-648-21F,4,2022-12-01
St-648-21F,5,2023-05-01
St-648-21F,6,2023-10-01
St-648-21F,7,2024-03-01
St-649-22S,1,2022-02-01
St-649-22S,2,2022-07-01
St-649-22S,3,2022-12-01
St-649-22S,4,2023-05-01
St-650-21F,1,2021-09-06
St-650-21F,2,2022-03-01
St-650-21F,3,2022-07-12
St-650-21F,4,2022-12-11
St-650-21F,5,2023-05-27
St-650-21F,6,2023-10-31
St-650-21F,7,2024-03-08
St-651-21F,1,2021-09-03
St-651-21F,2,2022-02-13
St-651-21F,3,2022-07-25
St-651-21F,4,2022-12-31
St-651-21F,5,2023-05-26
St-651-21F,6,2023-10-06
St-651-21F,7,2024-03-08
St-652-23F,1,2023-09-01
St-652-23F,2,2024-02-01
St-652-23F,3,2024-07-01
St-653-22F,1,2022-09-23
St-653-22F,2,2023-03-03
St-653-22F,3,2023-07-27
St-653-22F,4,2023-12-23
St-653-22F,5,2024-05-22
St-654-21F,1,2021-09-01
St-654-21F,2,2022-02-01
St-654-21F,3,2022-07-01
St-654-21F,4,2022-12-01
St-654-21F,5,2023-05-01
St-654-21F,6,2023-10-01
St-654-21F,7,2024-03-01
St-655-23F,1,2023-09-01
St-655-23F,2,2024-02-01
St-655-23F,3,2024-07-01
St-656-21F,1,2021-09-02
St-656-21F,2,2022-02-24
St-656-21F,3,2022-07-03
St-656-21F,4,2022-12-21
St-656-21F,5,2023-05-23
St-656-21F,6,2023-10-25
St-656-21F,7,2024-03-05
St-657-23F,1,2023-09-02
St-657-23F,2,2024-02-12
St-657-23F,3,2024-07-26
St-658-21F,1,2021-09-01
St-658-21F,2,2022-02-01
St-658-21F,3,2022-07-01
St-658-21F,4,2022-12-01
St-658-21F,5,2023-05-01
St-658-21F,6,2023-10-01
St-658-21F,7,2024-03-01
St-659-23F,1,2023-09-01
St-659-23F,2,2024-02-01
St-659-23F,3,2024-07-01
St-660-22S,1,2022-02-01
St-660-22S,2,2022-07-01
St-660-22S,3,2022-12-01
St-660-22S,4,2023-05-01
St-661-22F,1,2022-09-29
St-661-22F,2,2023-02-06
St-661-22F,3,2023-07-28
St-661-22F,4,2023-12-13
St-661-22F,5,2024-05-25
St-662-22F,1,2022-09-01
St-662-22F,2,2023-02-01
St-662-22F,3,2023-07-01
St-662-22F,4,2023-12-01
St-662-22F,5,2024-05-01
St-664-21F,1,2021-09-01
St-664-21F,2,2022-02-01
St-664-21F,3,2022-07-01
St-664-21F,4,2022-12-01
St-664-21F,5,2023-05-01
St-664-21F,6,2023-10-01
St-664-21F,7,2024-03-01
St-665-23F,1,2023-09-19
St-665-23F,2,2024-02-23
St-665-23F,3,2024-07-21
St-666-22S,1,2022-02-01
St-666-22S,2,2022-07-01
St-666-22S,3,2022-12-01
St-666-22S,4,2023-05-01
St-667-23S,1,2023-02-01
St-667-23S,2,2023-07-01
St-668-23F,1,2023-09-01
St-668-23F,2,2024-02-01
St-668-23F,3,2024-07-01
St-669-22F,1,2022-09-23
St-669-22F,2,2023-02-08
St-669-22F,3,2023-07-14
St-669-22F,4,2023-12-16
St-669-22F,5,2024-05-12
St-670-22F,1,2022-09-01
St-670-22F,2,2023-02-01
St-670-22F,3,2023-07-01
St-670-22F,4,2023-12-01
St-670-22F,5,2024-05-01
St-671-22S,1,2022-03-02
St-671-22S,2,2022-07-31
St-671-22S,3,2022-12-11
St-671-22S,4,2023-05-29
St-672-23S,1,2023-02-01
St-672-23S,2,2023-07-01
St-673-23F,1,2023-09-01
St-673-23F,2,2024-02-01
St-673-23F,3,2024-07-01
St-675-22F,1,2022-09-01
St-675-22F,2,2023-02-01
St-675-22F,3,2023-07-01
St-675-22F,4,2023-12-01
St-675-22F,5,2024-05-01
St-676-21F,1,2021-09-01
St-676-21F,2,2022-02-01
St-676-21F,3,2022-07-01
St-676-21F,4,2022-12-01
St-676-21F,5,2023-05-01
St-676-21F,6,2023-10-01
St-676-21F,7,2024-03-01
St-678-23F,1,2023-09-28
St-678-23F,2,2024-02-12
St-678-23F,3,2024-07-14
St-679-22F,1,2022-09-18
St-679-22F,2,2023-02-03
St-679-22F,3,2023-07-23
St-679-22F,4,2023-12-13
St-679-22F,5,2024-05-09
St-680-23F,1,2023-09-30
St-680-23F,2,2024-02-18
St-680-23F,3,2024-07-25
St-681-23F,1,2023-09-01
St-681-23F,2,2024-02-01
St-681-23F,3,2024-07-01
St-682-21F,1,2021-09-01
St-682-21F,2,2022-02-01
St-682-21F,3,2022-07-01
St-682-21F,4,2022-12-01
St-682-21F,5,2023-05-01
St-682-21F,6,2023-10-01
St-682-21F,7,2024-03-01
St-683-22F,1,2022-09-01
St-683-22F,2,2023-02-01
St-683-22F,3,2023-07-01
St-683-22F,4,2023-12-01
St-683-22F,5,2024-05-01
St-684-23F,1,2023-09-01
St-684-23F,2,2024-02-01
St-684-23F,3,2024-07-01
St-685-22S,1,2022-02-01
St-685-22S,2,2022-07-01
St-685-22S,3,2022-12-01
St-685-22S,4,2023-05-01
St-686-23F,1,2023-09-01
St-686-23F,2,2024-02-01
St-686-23F,3,2024-07-01
St-687-21F,1,2021-09-01
St-687-21F,2,2022-02-01
St-687-21F,3,2022-07-01
St-687-21F,4,2022-12-01
St-687-21F,5,2023-05-01
St-687-21F,6,2023-10-01
St-687-21F,7,2024-03-01
St-688-22S,1,2022-03-03
St-688-22S,2,2022-07-31
St-688-22S,3,2022-12-15
St-688-22S,4,2023-05-27
St-689-22S,1,2022-02-01
St-689-22S,2,2022-07-01
St-689-22S,3,2022-12-01
St-689-22S,4,2023-05-01
St-690-21F,1,2021-09-10
St-690-21F,2,2022-02-23
St-690-21F,3,2022-07-26
St-690-21F,4,2022-12-15
St-690-21F,5,2023-05-04
St-690-21F,6,2023-10-03
St-690-21F,7,2024-03-02
St-691-21F,1,2021-09-01
St-691-21F,2,2022-02-01
St-691-21F,3,2022-07-01
St-691-21F,4,2022-12-01
St-691-21F,5,2023-05-01
St-691-21F,6,2023-10-01
St-691-21F,7,2024-03-01
St-692-21F,1,2021-09-01
St-692-21F,2,2022-02-01
St-692-21F,3,2022-07-01
St-692-21F,4,2022-12-01
St-692-21F,5,2023-05-01
St-692-21F,6,2023-10-01
St-692-21F,7,2024-03-01
St-693-23S,1,2023-02-21
St-693-23S,2,2023-07-04
St-696-22S,1,2022-02-10
St-696-22S,2,2022-07-21
St-696-22S,3,2022-12-03
St-696-22S,4,2023-05-19
St-698-21F,1,2021-09-03
St-698-21F,2,2022-02-20
St-698-21F,3,2022-07-14
St-698-21F,4,2022-12-06
St-698-21F,5,2023-05-29
St-698-21F,6,2023-10-13
St-698-21F,7,2024-03-17
St-699-22F,1,2022-09-01
St-699-22F,2,2023-02-01
St-699-22F,3,2023-07-01
St-699-22F,4,2023-12-01
St-699-22F,5,2024-05-01
St-701-23S,1,2023-02-01
St-701-23S,2,2023-07-01
St-702-23S,1,2023-02-01
St-702-23S,2,2023-07-01
St-703-22S,1,2022-02-01
St-703-22S,2,2022-07-01
St-703-22S,3,2022-12-01
St-703-22S,4,2023-05-01
St-706-21F,1,2021-09-12
St-706-21F,2,2022-02-23
St-706-21F,3,2022-07-22
St-706-21F,4,2022-12-22
St-706-21F,5,2023-05-06
St-706-21F,6,2023-10-25
St-706-21F,7,2024-03-25
St-707-22F,1,2022-09-02
St-707-22F,2,2023-02-17
St-707-22F,3,2023-07-05
St-707-22F,4,2023-12-11
St-707-22F,5,2024-05-29
St-708-22F,1,2022-09-24
St-708-22F,2,2023-02-06
St-708-22F,3,2023-07-06
St-708-22F,4,2023-12-28
St-708-22F,5,2024-05-14
St-709-21F,1,2021-09-27
St-709-21F,2,2022-02-20
St-709-21F,3,2022-07-16
St-709-21F,4,2022-12-04
St-709-21F,5,2023-05-24
St-709-21F,6,2023-10-23
St-709-21F,7,2024-03-18
St-710-21F,1,2021-09-01
St-710-21F,2,2022-02-01
St-710-21F,3,2022-07-01
St-710-21F,4,2022-12-01
St-710-21F,5,2023-05-01
St-710-21F,6,2023-10-01
St-710-21F,7,2024-03-01
St-711-21F,1,2021-09-01
St-711-21F,2,2022-02-01
St-711-21F,3,2022-07-01
St-711-21F,4,2022-12-01
St-711-21F,5,2023-05-01
St-711-21F,6,2023-10-01
St-711-21F,7,2024-03-01
St-712-22F,1,2022-09-11
St-712-22F,2,2023-02-09
St-712-22F,3,2023-07-15
St-712-22F,4,2023-12-12
St-712-22F,5,2024-05-14
St-713-23F,1,2023-09-01
St-713-23F,2,2024-02-01
St-713-23F,3,2024-07-01
St-715-23S,1,2023-02-26
St-715-23S,2,2023-07-03
St-716-23F,1,2023-09-01
St-716-23F,2,2024-02-01
St-716-23F,3,2024-07-01
St-717-21F,1,2021-09-09
St-717-21F,2,2022-02-13
St-717-21F,3,2022-07-10
St-717-21F,4,2022-12-08
St-717-21F,5,2023-05-10
St-717-21F,6,2023-10-10
St-717-21F,7,2024-03-24
St-718-22F,1,2022-09-07
St-718-22F,2,2023-02-22
St-718-22F,3,2023-07-15
St-718-22F,4,2023-12-07
St-718-22F,5,2024-05-26
St-719-23S,1,2023-02-01
St-719-23S,2,2023-07-01
St-720-21F,1,2021-09-01
St-720-21F,2,2022-02-01
St-720-21F,3,2022-07-01
St-720-21F,4,2022-12-01
St-720-21F,5,2023-05-01
St-720-21F,6,2023-10-01
St-720-21F,7,2024-03-01
St-721-22S,1,2022-02-01
St-721-22S,2,2022-07-01
St-721-22S,3,2022-12-01
St-721-22S,4,2023-05-01
St-722-22F,1,2022-09-25
St-722-22F,2,2023-02-12
St-722-22F,3,2023-07-12
St-722-22F,4,2023-12-17
St-722-22F,5,2024-05-20
St-723-22F,1,2022-09-20
St-723-22F,2,2023-02-18
St-723-22F,3,2023-07-05
St-723-22F,4,2023-12-02
St-723-22F,5,2024-05-17
St-724-22F,1,2022-09-01
St-724-22F,2,2023-02-01
St-724-22F,3,2023-07-01
St-724-22F,4,2023-12-01
St-724-22F,5,2024-05-01
St-725-21F,1,2021-09-01
St-725-21F,2,2022-02-01
St-725-21F,3,2022-07-01
St-725-21F,4,2022-12-01
St-725-21F,5,2023-05-01
St-725-21F,6,2023-10-01
St-725-21F,7,2024-03-01
St-727-23F,1,2023-09-01
St-727-23F,2,2024-02-01
St-727-23F,3,2024-07-01
St-728-23S,1,2023-02-01
St-728-23S,2,2023-07-01
St-729-21F,1,2021-09-04
St-729-21F,2,2022-02-03
St-729-21F,3,2022-07-05
St-729-21F,4,2022-12-31
St-729-21F,5,2023-05-28
St-729-21F,6,2023-10-06
St-729-21F,7,2024-03-20
St-730-22F,1,2022-09-01
St-730-22F,2,2023-02-01
St-730-22F,3,2023-07-01
St-730-22F,4,2023-12-01
St-730-22F,5,2024-05-01
St-731-23S,1,2023-02-01
St-731-23S,2,2023-07-01
St-732-22S,1,2022-02-17
St-732-22S,2,2022-07-07
St-732-22S,3,2022-12-08
St-732-22S,4,2023-05-10
St-734-22F,1,2022-09-01
St-734-22F,2,2023-02-01
St-734-22F,3,2023-07-01
St-734-22F,4,2023-12-01
St-734-22F,5,2024-05-01
St-736-21F,1,2021-09-01
St-736-21F,2,2022-02-01
St-736-21F,3,2022-07-01
St-736-21F,4,2022-12-01
St-736-21F,5,2023-05-01
St-736-21F,6,2023-10-01
St-736-21F,7,2024-03-01
St-737-22F,1,2022-09-01
St-737-22F,2,2023-02-01
St-737-22F,3,2023-07-01
St-737-22F,4,2023-12-01
St-737-22F,5,2024-05-01
St-738-23F,1,2023-09-13
St-738-23F,2,2024-02-07
St-738-23F,3,2024-07-07
St-739-22F,1,2022-09-01
St-739-22F,2,2023-02-01
St-739-22F,3,2023-07-01
St-739-22F,4,2023-12-01
St-739-22F,5,2024-05-01
St-741-21F,1,2021-09-24
St-741-21F,2,2022-02-06
St-741-21F,3,2022-07-03
St-741-21F,4,2022-12-23
St-741-21F,5,2023-05-04
St-741-21F,6,2023-10-14
St-741-21F,7,2024-03-10
St-742-23S,1,2023-02-27
St-742-23S,2,2023-07-04
St-743-22F,1,2022-09-01
St-743-22F,2,2023-02-01
St-743-22F,3,2023-07-01
St-743-22F,4,2023-12-01
St-743-22F,5,2024-05-01
St-744-23S,1,2023-02-01
St-744-23S,2,2023-07-01
St-746-21F,1,2021-09-09
St-746-21F,2,2022-02-21
St-746-21F,3,2022-07-23
St-746-21F,4,2022-12-24
St-746-21F,5,2023-05-31
St-746-21F,6,2023-10-24
St-746-21F,7,2024-03-03
St-747-23S,1,2023-02-01
St-747-23S,2,2023-07-01
St-748-23F,1,2023-09-01
St-748-23F,2,2024-02-01
St-748-23F,3,2024-07-01
St-749-21F,1,2021-09-01
St-749-21F,2,2022-02-01
St-749-21F,3,2022-07-01
St-749-21F,4,2022-12-01
St-749-21F,5,2023-05-01
St-749-21F,6,2023-10-01
St-749-21F,7,2024-03-01
St-750-22F,1,2022-09-27
St-750-22F,2,2023-02-07
St-750-22F,3,2023-07-31
St-750-22F,4,2023-12-05
St-750-22F,5,2024-05-04
St-751-22S,1,2022-02-01
St-751-22S,2,2022-07-01
St-751-22S,3,2022-12-01
St-751-22S,4,2023-05-01
St-752-22F,1,2022-09-01
St-752-22F,2,2023-02-01
St-752-22F,3,2023-07-01
St-752-22F,4,2023-12-01
St-752-22F,5,2024-05-01
St-754-23F,1,2023-09-02
St-754-23F,2,2024-02-07
St-754-23F,3,2024-07-11
St-756-22F,1,2022-09-01
St-756-22F,2,2023-02-01
St-756-22F,3,2023-07-01
St-756-22F,4,2023-12-01
St-756-22F,5,2024-05-01
St-757-23S,1,2023-02-01
St-757-23S,2,2023-07-01
St-758-23F,1,2023-09-25
St-758-23F,2,2024-02-15
St-758-23F,3,2024-07-03
St-759-22S,1,2022-02-01
St-759-22S,2,2022-07-01
St-759-22S,3,2022-12-01
St-759-22S,4,2023-05-01
St-760-23S,1,2023-02-01
St-760-23S,2,2023-07-01
St-761-22S,1,2022-02-01
St-761-22S,2,2022-07-01
St-761-22S,3,2022-12-01
St-761-22S,4,2023-05-01
St-762-23F,1,2023-09-09
St-762-23F,2,2024-02-04
St-762-23F,3,2024-07-20
St-764-22F,1,2022-09-01
St-764-22F,2,2023-02-01
St-764-22F,3,2023-07-01
St-764-22F,4,2023-12-01
St-764-22F,5,2024-05-01
St-765-22S,1,2022-02-26
St-765-22S,2,2022-07-30
St-765-22S,3,2022-12-05
St-765-22S,4,2023-05-22
St-766-23F,1,2023-09-01
St-766-23F,2,2024-02-01
St-766-23F,3,2024-07-01
St-767-23F,1,2023-09-01
St-767-23F,2,2024-02-01
St-767-23F,3,2024-07-01
St-768-21F,1,2021-09-09
St-768-21F,2,2022-02-12
St-768-21F,3,2022-07-16
St-768-21F,4,2022-12-26
St-768-21F,5,2023-05-19
St-768-21F,6,2023-10-19
St-768-21F,7,2024-03-19
St-769-22S,1,2022-02-01
St-769-22S,2,2022-07-01
St-769-22S,3,2022-12-01
St-769-22S,4,2023-05-01
St-770-22S,1,2022-02-01
St-770-22S,2,2022-07-01
St-770-22S,3,2022-12-01
St-770-22S,4,2023-05-01
St-771-23F,1,2023-09-01
St-771-23F,2,2024-02-01
St-771-23F,3,2024-07-01
St-772-21F,1,2021-09-01
St-772-21F,2,2022-02-01
St-772-21F,3,2022-07-01
St-772-21F,4,2022-12-01
St-772-21F,5,2023-05-01
St-772-21F,6,2023-10-01
St-772-21F,7,2024-03-01
St-774-23S,1,2023-02-07
St-774-23S,2,2023-07-28
St-776-23S,1,2023-02-01
St-776-23S,2,2023-07-01
St-777-22F,1,2022-09-01
St-777-22F,2,2023-02-01
St-777-22F,3,2023-07-01
St-777-22F,4,2023-12-01
St-777-22F,5,2024-05-01
St-778-22F,1,2022-09-17
St-778-22F,2,2023-02-28
St-778-22F,3,2023-07-22
St-778-22F,4,2023-12-10
St-778-22F,5,2024-05-09
St-779-22S,1,2022-02-02
St-779-22S,2,2022-07-12
St-779-22S,3,2022-12-30
St-779-22S,4,2023-05-02
St-780-21F,1,2021-09-01
St-780-21F,2,2022-02-01
St-780-21F,3,2022-07-01
St-780-21F,4,2022-12-01
St-780-21F,5,2023-05-01
St-780-21F,6,2023-10-01
St-780-21F,7,2024-03-01
St-782-23S,1,2023-02-01
St-782-23S,2,2023-07-01
St-783-22F,1,2022-09-01
St-783-22F,2,2023-02-01
St-783-22F,3,2023-07-01
St-783-22F,4,2023-12-01
St-783-22F,5,2024-05-01
St-784-23S,1,2023-02-27
St-784-23S,2,2023-07-20
St-785-23F,1,2023-09-01
St-785-23F,2,2024-02-01
St-785-23F,3,2024-07-01
St-786-21F,1,2021-09-01
St-786-21F,2,2022-02-01
St-786-21F,3,2022-07-01
St-786-21F,4,2022-12-01
St-786-21F,5,2023-05-01
St-786-21F,6,2023-10-01
St-786-21F,7,2024-03-01
St-788-21F,1,2021-09-27
St-788-21F,2,2022-03-02
St-788-21F,3,2022-07-08
St-788-21F,4,2022-12-09
St-788-21F,5,2023-05-12
St-788-21F,6,2023-10-13
St-788-21F,7,2024-03-11
St-789-23F,1,2023-09-01
St-789-23F,2,2024-02-01
St-789-23F,3,2024-07-01
St-790-22S,1,2022-02-18
St-790-22S,2,2022-07-17
St-790-22S,3,2022-12-25
St-790-22S,4,2023-05-04
St-791-23F,1,2023-09-01
St-791-23F,2,2024-02-01
St-791-23F,3,2024-07-01
St-792-23S,1,2023-02-01
St-792-23S,2,2023-07-01
St-794-23S,1,2023-02-01
St-794-23S,2,2023-07-01
St-795-23S,1,2023-02-01
St-795-23S,2,2023-07-01
St-796-21F,1,2021-09-01
St-796-21F,2,2022-02-01
St-796-21F,3,2022-07-01
St-796-21F,4,2022-12-01
St-796-21F,5,2023-05-01
St-796-21F,6,2023-10-01
St-796-21F,7,2024-03-01
St-797-22F,1,2022-09-20
St-797-22F,2,2023-03-02
St-797-22F,3,2023-07-28
St-797-22F,4,2023-12-16
St-797-22F,5,2024-05-11
St-798-23S,1,2023-02-02
St-798-23S,2,2023-07-31
St-799-23F,1,2023-09-24
St-799-23F,2,2024-02-07
St-799-23F,3,2024-07-11
St-800-23S,1,2023-02-18
St-800-23S,2,2023-07-15
St-801-22S,1,2022-02-17
St-801-22S,2,2022-07-07
St-801-22S,3,2022-12-10
St-801-22S,4,2023-05-25
St-802-23F,1,2023-09-01
St-802-23F,2,2024-02-01
St-802-23F,3,2024-07-01
St-803-23F,1,2023-09-23
St-803-23F,2,2024-02-10
St-803-23F,3,2024-07-09
St-804-21F,1,2021-09-01
St-804-21F,2,2022-02-01
St-804-21F,3,2022-07-01
St-804-21F,4,2022-12-01
St-804-21F,5,2023-05-01
St-804-21F,6,2023-10-01
St-804-21F,7,2024-03-01
St-805-22F,1,2022-09-01
St-805-22F,2,2023-02-01
St-805-22F,3,2023-07-01
St-805-22F,4,2023-12-01
St-805-22F,5,2024-05-01
St-806-23S,1,2023-02-01
St-806-23S,2,2023-07-01
St-807-21F,1,2021-09-01
St-807-21F,2,2022-02-01
St-807-21F,3,2022-07-01
St-807-21F,4,2022-12-01
St-807-21F,5,2023-05-01
St-807-21F,6,2023-10-01
St-807-21F,7,2024-03-01
St-808-22F,1,2022-09-01
St-808-22F,2,2023-02-01
St-808-22F,3,2023-07-01
St-808-22F,4,2023-12-01
St-808-22F,5,2024-05-01
St-809-22S,1,2022-02-01
St-809-22S,2,2022-07-01
St-809-22S,3,2022-12-01
St-809-22S,4,2023-05-01
St-810-23S,1,2023-02-01
St-810-23S,2,2023-07-01
St-811-21F,1,2021-09-05
St-811-21F,2,2022-02-21
St-811-21F,3,2022-07-27
St-811-21F,4,2022-12-17
St-811-21F,5,2023-05-26
St-811-21F,6,2023-10-17
St-811-21F,7,2024-03-14
St-812-22S,1,2022-02-14
St-812-22S,2,2022-07-02
St-812-22S,3,2022-12-16
St-812-22S,4,2023-05-25
St-813-22S,1,2022-02-01
St-813-22S,2,2022-07-01
St-813-22S,3,2022-12-01
St-813-22S,4,2023-05-01
St-814-23S,1,2023-02-15
St-814-23S,2,2023-07-18
St-816-22S,1,2022-02-01
St-816-22S,2,2022-07-01
St-816-22S,3,2022-12-01
St-816-22S,4,2023-05-01
St-817-22S,1,2022-02-04
St-817-22S,2,2022-07-17
St-817-22S,3,2022-12-29
St-817-22S,4,2023-05-21
St-818-21F,1,2021-09-01
St-818-21F,2,2022-02-01
St-818-21F,3,2022-07-01
St-818-21F,4,2022-12-01
St-818-21F,5,2023-05-01
St-818-21F,6,2023-10-01
St-818-21F,7,2024-03-01
St-820-23S,1,2023-02-01
St-820-23S,2,2023-07-01
St-821-23S,1,2023-03-03
St-821-23S,2,2023-07-02
St-822-22F,1,2022-09-01
St-822-22F,2,2023-02-01
St-822-22F,3,2023-07-01
St-822-22F,4,2023-12-01
St-822-22F,5,2024-05-01
St-823-23S,1,2023-02-10
St-823-23S,2,2023-07-06
St-825-22S,1,2022-02-28
St-825-22S,2,2022-07-02
St-825-22S,3,2022-12-13
St-825-22S,4,2023-05-05
St-826-23S,1,2023-02-01
St-826-23S,2,2023-07-01
St-827-21F,1,2021-09-13
St-827-21F,2,2022-02-18
St-827-21F,3,2022-07-28
St-827-21F,4,2022-12-19
St-827-21F,5,2023-05-12
St-827-21F,6,2023-10-11
St-827-21F,7,2024-03-08
St-828-23S,1,2023-02-20
St-828-23S,2,2023-07-15
St-829-21F,1,2021-09-01
St-829-21F,2,2022-02-01
St-829-21F,3,2022-07-01
St-829-21F,4,2022-12-01
St-829-21F,5,2023-05-01
St-829-21F,6,2023-10-01
St-829-21F,7,2024-03-01
St-830-23S,1,2023-02-25
St-830-23S,2,2023-07-24
St-831-23S,1,2023-02-01
St-831-23S,2,2023-07-01
St-832-23S,1,2023-02-01
St-832-23S,2,2023-07-01
St-833-23S,1,2023-02-01
St-833-23S,2,2023-07-01
St-834-23F,1,2023-09-01
St-834-23F,2,2024-02-01
St-834-23F,3,2024-07-01
St-835-22S,1,2022-02-01
St-835-22S,2,2022-07-01
St-835-22S,3,2022-12-01
St-835-22S,4,2023-05-01
St-837-22F,1,2022-09-16
St-837-22F,2,2023-02-14
St-837-22F,3,2023-07-12
St-837-22F,4,2023-12-09
St-837-22F,5,2024-05-22
St-838-23S,1,2023-03-01
St-838-23S,2,2023-07-25
St-839-22S,1,2022-02-01
St-839-22S,2,2022-07-01
St-839-22S,3,2022-12-01
St-839-22S,4,2023-05-01
St-840-21F,1,2021-09-01
St-840-21F,2,2022-02-01
St-840-21F,3,2022-07-01
St-840-21F,4,2022-12-01
St-840-21F,5,2023-05-01
St-840-21F,6,2023-10-01
St-840-21F,7,2024-03-01
St-841-22S,1,2022-02-01
St-841-22S,2,2022-07-01
St-841-22S,3,2022-12-01
St-841-22S,4,2023-05-01
St-842-22F,1,2022-09-01
St-842-22F,2,2023-02-01
St-842-22F,3,2023-07-01
St-842-22F,4,2023-12-01
St-842-22F,5,2024-05-01
St-843-21F,1,2021-09-01
St-843-21F,2,2022-02-01
St-843-21F,3,2022-07-01
St-843-21F,4,2022-12-01
St-843-21F,5,2023-05-01
St-843-21F,6,2023-10-01
St-843-21F,7,2024-03-01
St-844-22S,1,2022-02-01
St-844-22S,2,2022-07-01
St-844-22S,3,2022-12-01
St-844-22S,4,2023-05-01
St-846-21F,1,2021-09-20
St-846-21F,2,2022-02-15
St-846-21F,3,2022-07-14
St-846-21F,4,2022-12-30
St-846-21F,5,2023-05-17
St-846-21F,6,2023-10-15
St-846-21F,7,2024-03-27
St-847-23F,1,2023-09-01
St-847-23F,2,2024-02-01
St-847-23F,3,2024-07-01
St-848-22F,1,2022-09-01
St-848-22F,2,2023-02-01
St-848-22F,3,2023-07-01
St-848-22F,4,2023-12-01
St-848-22F,5,2024-05-01
St-850-22F,1,2022-09-15
St-850-22F,2,2023-02-16
St-850-22F,3,2023-07-23
St-850-22F,4,2023-12-06
St-850-22F,5,2024-05-02
St-851-23S,1,2023-02-01
St-851-23S,2,2023-07-01
St-852-23F,1,2023-09-01
St-852-23F,2,2024-02-01
St-852-23F,3,2024-07-01
St-853-22S,1,2022-02-25
St-853-22S,2,2022-07-31
St-853-22S,3,2022-12-17
St-853-22S,4,2023-05-30
St-855-22F,1,2022-09-01
St-855-22F,2,2023-02-01
St-855-22F,3,2023-07-01
St-855-22F,4,2023-12-01
St-855-22F,5,2024-05-01
St-856-21F,1,2021-09-01
St-856-21F,2,2022-02-01
St-856-21F,3,2022-07-01
St-856-21F,4,2022-12-01
St-856-21F,5,2023-05-01
St-856-21F,6,2023-10-01
St-856-21F,7,2024-03-01
St-857-21F,1,2021-09-01
St-857-21F,2,2022-02-01
St-857-21F,3,2022-07-01
St-857-21F,4,2022-12-01
St-857-21F,5,2023-05-01
St-857-21F,6,2023-10-01
St-857-21F,7,2024-03-01
St-858-21F,1,2021-09-01
St-858-21F,2,2022-02-01
St-858-21F,3,2022-07-01
St-858-21F,4,2022-12-01
St-858-21F,5,2023-05-01
St-858-21F,6,2023-10-01
St-858-21F,7,2024-03-01
St-859-23F,1,2023-09-01
St-859-23F,2,2024-02-01
St-859-23F,3,2024-07-01
St-860-22F,1,2022-09-19
St-860-22F,2,2023-02-25
St-860-22F,3,2023-07-15
St-860-22F,4,2023-12-31
St-860-22F,5,2024-05-27
St-861-22F,1,2022-09-01
St-861-22F,2,2023-02-01
St-861-22F,3,2023-07-01
St-861-22F,4,2023-12-01
St-861-22F,5,2024-05-01
St-862-21F,1,2021-09-01
St-862-21F,2,2022-02-01
St-862-21F,3,2022-07-01
St-862-21F,4,2022-12-01
St-862-21F,5,2023-05-01
St-862-21F,6,2023-10-01
St-862-21F,7,2024-03-01
St-864-23F,1,2023-09-01
St-864-23F,2,2024-02-01
St-864-23F,3,2024-07-01
St-865-23S,1,2023-02-01
St-865-23S,2,2023-07-01
St-868-22S,1,2022-02-22
St-868-22S,2,2022-07-08
St-868-22S,3,2022-12-09
St-868-22S,4,2023-05-26
St-869-22F,1,2022-09-03
St-869-22F,2,2023-02-11
St-869-22F,3,2023-07-03
St-869-22F,4,2023-12-11
St-869-22F,5,2024-05-04
St-870-22S,1,2022-02-01
St-870-22S,2,2022-07-01
St-870-22S,3,2022-12-01
St-870-22S,4,2023-05-01
St-873-23S,1,2023-02-13
St-873-23S,2,2023-07-02
St-875-22S,1,2022-02-01
St-875-22S,2,2022-07-01
St-875-22S,3,2022-12-01
St-875-22S,4,2023-05-01
St-876-22F,1,2022-09-01
St-876-22F,2,2023-02-01
St-876-22F,3,2023-07-01
St-876-22F,4,2023-12-01
St-876-22F,5,2024-05-01
St-877-21F,1,2021-09-01
St-877-21F,2,2022-02-01
St-877-21F,3,2022-07-01
St-877-21F,4,2022-12-01
St-877-21F,5,2023-05-01
St-877-21F,6,2023-10-01
St-877-21F,7,2024-03-01
St-878-22F,1,2022-09-01
St-878-22F,2,2023-02-01
St-878-22F,3,2023-07-01
St-878-22F,4,2023-12-01
St-878-22F,5,2024-05-01
St-879-23F,1,2023-09-01
St-879-23F,2,2024-02-01
St-879-23F,3,2024-07-01
St-882-23S,1,2023-02-01
St-882-23S,2,2023-07-01
St-883-22F,1,2022-09-01
St-883-22F,2,2023-02-01
St-883-22F,3,2023-07-01
St-883-22F,4,2023-12-01
St-883-22F,5,2024-05-01
St-884-23S,1,2023-02-02
St-884-23S,2,2023-07-28
St-885-22F,1,2022-09-22
St-885-22F,2,2023-02-04
St-885-22F,3,2023-07-30
St-885-22F,4,2023-12-12
St-885-22F,5,2024-05-04
St-886-22S,1,2022-02-01
St-886-22S,2,2022-07-01
St-886-22S,3,2022-12-01
St-886-22S,4,2023-05-01
St-889-22F,1,2022-09-01
St-889-22F,2,2023-02-01
St-889-22F,3,2023-07-01
St-889-22F,4,2023-12-01
St-889-22F,5,2024-05-01
St-890-21F,1,2021-09-01
St-890-21F,2,2022-02-01
St-890-21F,3,2022-07-01
St-890-21F,4,2022-12-01
St-890-21F,5,2023-05-01
St-890-21F,6,2023-10-01
St-890-21F,7,2024-03-01
St-891-22F,1,2022-09-01
St-891-22F,2,2023-02-01
St-891-22F,3,2023-07-01
St-891-22F,4,2023-12-01
St-891-22F,5,2024-05-01
St-892-22F,1,2022-09-01
St-892-22F,2,2023-02-01
St-892-22F,3,2023-07-01
St-892-22F,4,2023-12-01
St-892-22F,5,2024-05-01
St-893-22F,1,2022-09-22
St-893-22F,2,2023-02-28
St-893-22F,3,2023-07-13
St-893-22F,4,2023-12-17
St-893-22F,5,2024-05-02
St-894-23S,1,2023-02-02
St-894-23S,2,2023-07-17
St-895-22F,1,2022-09-04
St-895-22F,2,2023-02-16
St-895-22F,3,2023-07-09
St-895-22F,4,2023-12-19
St-895-22F,5,2024-05-18
St-897-23F,1,2023-10-01
St-897-23F,2,2024-02-28
St-897-23F,3,2024-07-03
St-898-23F,1,2023-09-01
St-898-23F,2,2024-02-01
St-898-23F,3,2024-07-01
St-899-23S,1,2023-02-01
St-899-23S,2,2023-07-01
St-900-23F,1,2023-09-14
St-900-23F,2,2024-03-02
St-900-23F,3,2024-07-15
St-901-21F,1,2021-09-06
St-901-21F,2,2022-02-12
St-901-21F,3,2022-07-19
St-901-21F,4,2022-12-20
St-901-21F,5,2023-05-21
St-901-21F,6,2023-10-09
St-901-21F,7,2024-03-18
St-902-22S,1,2022-02-16
St-902-22S,2,2022-07-23
St-902-22S,3,2022-12-30
St-902-22S,4,2023-05-09
St-903-21F,1,2021-09-19
St-903-21F,2,2022-02-11
St-903-21F,3,2022-07-20
St-903-21F,4,2022-12-28
St-903-21F,5,2023-05-21
St-903-21F,6,2023-10-12
St-903-21F,7,2024-03-14
St-904-22F,1,2022-09-08
St-904-22F,2,2023-02-09
St-904-22F,3,2023-07-22
St-904-22F,4,2023-12-23
St-904-22F,5,2024-05-20
St-905-22S,1,2022-02-28
St-905-22S,2,2022-07-10
St-905-22S,3,2022-12-21
St-905-22S,4,2023-05-26
St-906-22F,1,2022-09-01
St-906-22F,2,2023-02-01
St-906-22F,3,2023-07-01
St-906-22F,4,2023-12-01
St-906-22F,5,2024-05-01
St-908-23S,1,2023-02-04
St-908-23S,2,2023-07-18
St-909-22S,1,2022-02-01
St-909-22S,2,2022-07-01
St-909-22S,3,2022-12-01
St-909-22S,4,2023-05-01
St-910-23S,1,2023-02-01
St-910-23S,2,2023-07-01
St-912-21F,1,2021-09-01
St-912-21F,2,2022-02-01
St-912-21F,3,2022-07-01
St-912-21F,4,2022-12-01
St-912-21F,5,2023-05-01
St-912-21F,6,2023-10-01
St-912-21F,7,2024-03-01
St-914-23S,1,2023-02-01
St-914-23S,2,2023-07-01
St-916-23F,1,2023-09-01
St-916-23F,2,2024-02-01
St-916-23F,3,2024-07-01
St-918-23F,1,2023-09-16
St-918-23F,2,2024-02-16
St-918-23F,3,2024-07-21
St-919-22S,1,2022-02-05
St-919-22S,2,2022-07-28
St-919-22S,3,2022-12-05
St-919-22S,4,2023-05-30
St-920-21F,1,2021-09-01
St-920-21F,2,2022-02-01
St-920-21F,3,2022-07-01
St-920-21F,4,2022-12-01
St-920-21F,5,2023-05-01
St-920-21F,6,2023-10-01
St-920-21F,7,2024-03-01
St-921-22S,1,2022-02-01
St-921-22S,2,2022-07-01
St-921-22S,3,2022-12-01
St-921-22S,4,2023-05-01
St-922-23S,1,2023-02-01
St-922-23S,2,2023-07-01
St-924-23F,1,2023-09-02
St-924-23F,2,2024-02-11
St-924-23F,3,2024-07-05
St-925-21F,1,2021-09-20
St-925-21F,2,2022-02-22
St-925-21F,3,2022-07-24
St-925-21F,4,2022-12-24
St-925-21F,5,2023-05-29
St-925-21F,6,2023-10-05
St-925-21F,7,2024-03-10
St-927-23S,1,2023-02-01
St-927-23S,2,2023-07-01
St-929-23F,1,2023-09-01
St-929-23F,2,2024-02-01
St-929-23F,3,2024-07-01
St-930-23S,1,2023-02-01
St-930-23S,2,2023-07-01
St-932-22F,1,2022-09-01
St-932-22F,2,2023-02-01
St-932-22F,3,2023-07-01
St-932-22F,4,2023-12-01
St-932-22F,5,2024-05-01
St-934-22F,1,2022-09-01
St-934-22F,2,2023-02-01
St-934-22F,3,2023-07-01
St-934-22F,4,2023-12-01
St-934-22F,5,2024-05-01
St-935-21F,1,2021-09-04
St-935-21F,2,2022-02-13
St-935-21F,3,2022-07-09
St-935-21F,4,2022-12-04
St-935-21F,5,2023-05-02
St-935-21F,6,2023-10-19
St-935-21F,7,2024-03-20
St-936-22S,1,2022-02-18
St-936-22S,2,2022-07-20
St-936-22S,3,2022-12-21
St-936-22S,4,2023-05-28
St-937-22F,1,2022-09-19
St-937-22F,2,2023-02-25
St-937-22F,3,2023-07-28
St-937-22F,4,2023-12-31
St-937-22F,5,2024-05-25
St-938-23F,1,2023-09-01
St-938-23F,2,2024-02-01
St-938-23F,3,2024-07-01
St-939-21F,1,2021-09-07
St-939-21F,2,2022-02-06
St-939-21F,3,2022-07-27
St-939-21F,4,2022-12-17
St-939-21F,5,2023-05-07
St-939-21F,6,2023-10-12
St-939-21F,7,2024-03-17
St-940-23S,1,2023-03-02
St-940-23S,2,2023-07-09
St-941-23F,1,2023-09-01
St-941-23F,2,2024-02-01
St-941-23F,3,2024-07-01
St-942-23F,1,2023-09-07
St-942-23F,2,2024-03-02
St-942-23F,3,2024-07-15
St-944-21F,1,2021-09-01
St-944-21F,2,2022-02-01
St-944-21F,3,2022-07-01
St-944-21F,4,2022-12-01
St-944-21F,5,2023-05-01
St-944-21F,6,2023-10-01
St-944-21F,7,2024-03-01
St-945-23S,1,2023-02-01
St-945-23S,2,2023-07-01
St-946-23F,1,2023-09-01
St-946-23F,2,2024-02-01
St-946-23F,3,2024-07-01
St-948-21F,1,2021-09-22
St-948-21F,2,2022-02-13
St-948-21F,3,2022-07-28
St-948-21F,4,2022-12-03
St-948-21F,5,2023-05-16
St-948-21F,6,2023-10-10
St-948-21F,7,2024-03-04
St-950-21F,1,2021-09-29
St-950-21F,2,2022-02-09
St-950-21F,3,2022-07-03
St-950-21F,4,2022-12-06
St-950-21F,5,2023-05-02
St-950-21F,6,2023-10-29
St-950-21F,7,2024-03-22
St-951-23S,1,2023-02-18
St-951-23S,2,2023-07-11
St-953-21F,1,2021-09-01
St-953-21F,2,2022-02-01
St-953-21F,3,2022-07-01
St-953-21F,4,2022-12-01
St-953-21F,5,2023-05-01
St-953-21F,6,2023-10-01
St-953-21F,7,2024-03-01
St-954-22F,1,2022-09-01
St-954-22F,2,2023-02-01
St-954-22F,3,2023-07-01
St-954-22F,4,2023-12-01
St-954-22F,5,2024-05-01
St-955-23S,1,2023-02-01
St-955-23S,2,2023-07-01
St-956-22S,1,2022-02-01
St-956-22S,2,2022-07-01
St-956-22S,3,2022-12-01
St-956-22S,4,2023-05-01
St-957-22F,1,2022-09-01
St-957-22F,2,2023-02-01
St-957-22F,3,2023-07-01
St-957-22F,4,2023-12-01
St-957-22F,5,2024-05-01
St-958-22F,1,2022-09-01
St-958-22F,2,2023-02-01
St-958-22F,3,2023-07-01
St-958-22F,4,2023-12-01
St-958-22F,5,2024-05-01
St-960-22F,1,2022-10-01
St-960-22F,2,2023-02-13
St-960-22F,3,2023-07-16
St-960-22F,4,2023-12-03
St-960-22F,5,2024-05-04
St-961-21F,1,2021-09-01
St-961-21F,2,2022-02-01
St-961-21F,3,2022-07-01
St-961-21F,4,2022-12-01
St-961-21F,5,2023-05-01
St-961-21F,6,2023-10-01
St-961-21F,7,2024-03-01
St-963-23F,1,2023-09-01
St-963-23F,2,2024-02-01
St-963-23F,3,2024-07-01
St-964-22F,1,2022-09-14
St-964-22F,2,2023-02-26
St-964-22F,3,2023-07-07
St-964-22F,4,2023-12-15
St-964-22F,5,2024-05-08
St-965-22F,1,2022-09-01
St-965-22F,2,2023-02-01
St-965-22F,3,2023-07-01
St-965-22F,4,2023-12-01
St-965-22F,5,2024-05-01
St-967-21F,1,2021-09-01
St-967-21F,2,2022-02-01
St-967-21F,3,2022-07-01
St-967-21F,4,2022-12-01
St-967-21F,5,2023-05-01
St-967-21F,6,2023-10-01
St-967-21F,7,2024-03-01
St-968-22F,1,2022-09-01
St-968-22F,2,2023-02-01
St-968-22F,3,2023-07-01
St-968-22F,4,2023-12-01
St-968-22F,5,2024-05-01
St-969-21F,1,2021-09-01
St-969-21F,2,2022-02-01
St-969-21F,3,2022-07-01
St-969-21F,4,2022-12-01
St-969-21F,5,2023-05-01
St-969-21F,6,2023-10-01
St-969-21F,7,2024-03-01
St-970-22F,1,2022-09-01
St-970-22F,2,2023-02-01
St-970-22F,3,2023-07-01
St-970-22F,4,2023-12-01
St-970-22F,5,2024-05-01
St-971-21F,1,2021-09-01
St-971-21F,2,2022-02-01
St-971-21F,3,2022-07-01
St-971-21F,4,2022-12-01
St-971-21F,5,2023-05-01
St-971-21F,6,2023-10-01
St-971-21F,7,2024-03-01
St-972-23F,1,2023-09-01
St-972-23F,2,2024-02-01
St-972-23F,3,2024-07-01
St-973-21F,1,2021-09-01
St-973-21F,2,2022-02-01
St-973-21F,3,2022-07-01
St-973-21F,4,2022-12-01
St-973-21F,5,2023-05-01
St-973-21F,6,2023-10-01
St-973-21F,7,2024-03-01
St-977-22F,1,2022-09-01
St-977-22F,2,2023-02-01
St-977-22F,3,2023-07-01
St-977-22F,4,2023-12-01
St-977-22F,5,2024-05-01
St-978-23F,1,2023-09-14
St-978-23F,2,2024-02-15
St-978-23F,3,2024-07-31
St-979-22S,1,2022-02-19
St-979-22S,2,2022-07-03
St-979-22S,3,2022-12-21
St-979-22S,4,2023-05-20
St-981-23S,1,2023-02-01
St-981-23S,2,2023-07-01
St-982-23S,1,2023-02-01
St-982-23S,2,2023-07-01
St-983-23S,1,2023-02-01
St-983-23S,2,2023-07-01
St-984-21F,1,2021-09-01
St-984-21F,2,2022-02-01
St-984-21F,3,2022-07-01
St-984-21F,4,2022-12-01
St-984-21F,5,2023-05-01
St-984-21F,6,2023-10-01
St-984-21F,7,2024-03-01
St-985-22F,1,2022-09-01
St-985-22F,2,2023-02-01
St-985-22F,3,2023-07-01
St-985-22F,4,2023-12-01
St-985-22F,5,2024-05-01
St-986-22F,1,2022-09-14
St-986-22F,2,2023-02-07
St-986-22F,3,2023-07-25
St-986-22F,4,2023-12-05
St-986-22F,5,2024-05-26
St-987-21F,1,2021-09-25
St-987-21F,2,2022-02-28
St-987-21F,3,2022-07-20
St-987-21F,4,2022-12-02
St-987-21F,5,2023-05-15
St-987-21F,6,2023-10-22
St-987-21F,7,2024-03-14
St-988-22S,1,2022-02-01
St-988-22S,2,2022-07-01
St-988-22S,3,2022-12-01
St-988-22S,4,2023-05-01
St-989-22F,1,2022-09-01
St-989-22F,2,2023-02-01
St-989-22F,3,2023-07-01
St-989-22F,4,2023-12-01
St-989-22F,5,2024-05-01
St-990-22F,1,2022-09-26
St-990-22F,2,2023-02-03
St-990-22F,3,2023-07-22
St-990-22F,4,2023-12-02
St-990-22F,5,2024-05-30
St-991-23F,1,2023-09-29
St-991-23F,2,2024-02-13
St-991-23F,3,2024-07-25
St-992-23S,1,2023-02-03
St-992-23S,2,2023-07-10
St-994-23S,1,2023-02-01
St-994-23S,2,2023-07-01
St-995-23F,1,2023-09-17
St-995-23F,2,2024-02-19
St-995-23F,3,2024-07-19
St-996-21F,1,2021-09-19
St-996-21F,2,2022-03-01
St-996-21F,3,2022-07-12
St-996-21F,4,2022-12-02
St-996-21F,5,2023-05-27
St-996-21F,6,2023-10-23
St-996-21F,7,2024-03-20
St-997-23F,1,2023-09-01
St-997-23F,2,2024-02-01
St-997-23F,3,2024-07-01
St-998-23S,1,2023-02-22
St-998-23S,2,2023-07-28
St-999-21F,1,2021-09-14
St-999-21F,2,2022-02-08
St-999-21F,3,2022-07-26
St-999-21F,4,2022-12-25
St-999-21F,5,2023-05-11
St-999-21F,6,2023-10-26
St-999-21F,7,2024-03-05
